TYPE,MARKET,FROMSYMBOL,TOSYMBOL,FLAGS,LASTMARKET,MEDIAN,TOPTIERVOLUME24HOUR,TOPTIERVOLUME24HOURTO,LASTTRADEID,PRICE,LASTUPDATE,LASTVOLUME,LASTVOLUMETO,VOLUMEHOUR,VOLUMEHOURTO,OPENHOUR,HIGHHOUR,LOWHOUR,VOLUMEDAY,VOLUMEDAYTO,OPENDAY,HIGHDAY,LOWDAY,VOLUME24HOUR,VOLUME24HOURTO,OPEN24HOUR,HIGH24HOUR,LOW24HOUR,CHANGE24HOUR,CHANGEPCT24HOUR,CHANGEDAY,CHANGEPCTDAY,CHANGEHOUR,CHANGEPCTHOUR,CONVERSIONTYPE,CONVERSIONSYMBOL,CONVERSIONLASTUPDATE,SUPPLY,MKTCAP,MKTCAPPENALTY,CIRCULATINGSUPPLY,CIRCULATINGSUPPLYMKTCAP,TOTALVOLUME24H,TOTALVOLUME24HTO,TOTALTOPTIERVOLUME24H,TOTALTOPTIERVOLUME24HTO,IMAGEURL,FETCHED_AT
5,CCCAGG,BTC,USD,2,CCCAGG,89323.1353098756,13444.48701923,1193308835.0721,980177920,89323.1353098756,1767358800,0.00055757,49.7999276957,0.00393757,351.6909144957,89323.0903301816,89323.1353101674,89323.0847421847,9178.2271753,817144623.537515,88742.6773204123,89836.7110224591,88289.331392005,13444.48701923,1193308835.0721,87802.8803939688,89836.7110224591,87706.4675708262,1520.2549159068003,1.7314408241340875,580.4579894632916,0.6540911396751116,0.04497969399380963,5.035617758806016e-05,direct,,1767358800,19970515.0,1783829013552.9,0,19970515.0,1783829013552.9001,152518.12469772,13615802191.464474,76517.1770383673,6827159260.00934,/media/37746251/btc.png,2026-01-02 05:00:03.168206-08:00
5,CCCAGG,BTC,USD,1,CCCAGG,91299.0690003498,9694.09743359,881120887.560269,982007065,91299.0690003498,1767529681,0.000999,91.190718,138.16384952,12605532.0289632,91268.0443666704,91303.9712723666,91169.4073179022,6133.28465309,559860192.777672,90598.8695543287,91750.6044352386,90598.6202335357,9694.09743359,881120887.560269,89988.6691126896,91750.6044352386,89876.225236781,1310.3998876601981,1.45618320682044,700.199446021099,0.7728567138480861,31.024633679407998,0.033992876580948954,direct,,1767529681,19971390.0,1823369313642.896,0,19971390.0,1823369313642.896,136943.083806002,12498834874.599682,61894.1125038753,5646933665.281547,/media/37746251/btc.png,2026-01-04 04:28:04.203243-08:00
5,CCCAGG,BTC,USD,1,CCCAGG,93686.0860169936,28335.28866917,2653333765.15223,984168280,93686.0860169936,1767680691,0.00026322,24.662082036,174.28428584,16321558.7833686,93580.5315852343,93779.0310883859,93531.6548772273,3601.81472749,337717896.582956,93871.4502631699,94163.7405442767,93520.1312270552,28335.28866917,2653333765.15223,92438.3731015924,94804.3784310233,92281.0129712851,1247.7129154012073,1.349778099220694,-185.36424617629382,-0.19746605134641323,105.55443175930122,0.11279528975870472,direct,,1767680691,19972181.0,1871115467112.9653,0,19972181.0,1871115467112.9653,252166.421522361,23623196530.917404,134534.13840641,12602688336.541075,/media/37746251/btc.png,2026-01-05 22:25:05.210605-08:00
5,CCCAGG,BTC,USD,2,CCCAGG,90633.2536078812,22470.36812816,2038853684.41982,989326309,90633.2536078812,1768048050,5.409e-05,4.901603346,73.28319491,6642640.37372307,90622.1181045693,90678.9900335355,90602.9863756616,2741.38203187,248198099.348164,90524.7109642089,90713.6507801105,90295.2602985506,22470.36812816,2038853684.41982,90356.0682583734,91948.9136015396,89752.9725351654,277.18534950779576,0.30677004306471545,108.54264367229189,0.119903883167555,11.135503311903449,0.012287842686543851,direct,,1768048050,19974062.0,1810314226825.5427,0,19974062.0,1810314226825.5427,169963.386111309,15406625788.678345,93932.8626429945,8515732073.234634,/media/37746251/btc.png,2026-01-10 04:27:35.119130-08:00
5,CCCAGG,BTC,USD,1,CCCAGG,90442.7489436941,8694.05851902,786170689.270572,989410343,90442.7489436941,1768069236,0.00552855,499.9799478,95.229382,8612303.18721074,90436.7132366114,90465.6346593027,90402.078896556,3835.40935843,347247857.188317,90524.7109642089,90713.6507801105,90295.2602985506,8694.05851902,786170689.270572,90732.7273588475,90732.9537778652,90015.2299584128,-289.97841515341133,-0.3195962731358753,-81.96202051480941,-0.09054104635276333,6.035707082701265,0.006673956700427539,direct,,1768069236,19974159.0,1806517847798.4282,0,19974159.0,1806517847798.428,85771.5307601617,7757269160.3907,42624.0876495076,3854895795.5714893,/media/37746251/btc.png,2026-01-10 10:20:40.142009-08:00
5,CCCAGG,BTC,USD,2,CCCAGG,90740.0062801685,3948.8279846,357504554.067487,989660969,90740.0062801685,1768134515,0.00028,25.40076,153.46483293,13915213.0270188,90630.7173945499,90740.0062824275,90601.8114795933,2020.78224433,183068473.363273,90391.7647042446,90742.6449037791,90335.6788099121,3948.8279846,357504554.067487,90624.0598648254,90742.6449037791,90279.1996613161,115.94641534310358,0.12794219936300466,348.24157592389383,0.3852580786129305,109.28888561860367,0.12058702475323867,direct,,1768134515,19974493.0,1812485620263.1816,0,19974493.0,1812485620263.1816,61903.3613264748,5616299273.47344,26295.2580785859,2385219761.1351137,/media/37746251/btc.png,2026-01-11 04:28:45.775964-08:00
5,CCCAGG,BTC,USD,2,CCCAGG,96630.9354145173,47278.43841265,4577605539.29494,996560654,96630.9354145173,1768480318,6.148e-05,5.9408234664,341.99161729,33041853.5367474,96569.6050566261,96682.3625814772,96502.921714613,10767.93633279,1038913968.51261,96945.088402564,97178.673600432,95746.034628309,47278.43841265,4577605539.29494,95039.4499372426,97943.2224912141,94859.5164105769,1591.4854772746912,1.6745524919658066,-314.15298804669874,-0.32405250562275006,61.33035789120186,0.06350896625831617,direct,,1768480318,19976153.0,1930314350373.5159,0,19976153.0,1930314350373.5159,323454.623698429,31264768662.67281,171968.22573119903,16626496324.523548,/media/37746251/btc.png,2026-01-15 04:32:05.565225-08:00
5,CCCAGG,BTC,USD,1,CCCAGG,95445.5307871942,31749.47424488,3053184730.59811,997562717,95445.5307871942,1768525912,0.01047,999.5079753,100.49359188,9597982.22647837,95609.8130111672,95611.1405709283,95429.9330117394,667.73024516,63883325.7132392,95583.8631834761,95810.4781398087,95429.9330117394,31749.47424488,3053184730.59811,96433.2789934589,97178.673600432,95102.9786366989,-987.7482062646886,-1.024281468570293,-138.33239628189767,-0.14472358793069964,-164.28222397300124,-0.17182569319930907,direct,,1768525912,19976375.0,1906655715079.0366,0,19976375.0,1906655715079.0366,265009.84838976,25316844952.475697,129283.520110351,12362373508.050535,/media/37746251/btc.png,2026-01-15 17:11:57.881392-08:00
5,CCCAGG,BTC,USD,1,CCCAGG,95524.7149173493,28597.23310259,2743519534.60993,997930766,95524.7149173493,1768566652,7.54e-06,0.7202100932,229.69610712,21927065.7272983,95392.7163299987,95548.6237232436,95375.2859095964,6490.66666504,619943924.014428,95583.8631834761,95835.5042863193,95123.1230109939,28597.23310259,2743519534.60993,96962.9739706259,97130.6068554459,95102.9786366989,-1438.2590532766044,-1.4833074877760173,-59.148266126809176,-0.061881016477930276,131.99858735059388,0.1383738637800835,direct,,1768566652,19976546.0,1908253861683.3145,0,19976546.0,1908253861683.3145,243212.342764383,23244566702.00836,118129.031648402,11296019066.736168,/media/37746251/btc.png,2026-01-16 04:31:02.779069-08:00
5,CCCAGG,BTC,USD,2,CCCAGG,89396.6927848998,24610.92082821,2206875318.53979,1007265010,89396.6927848998,1769216974,3.434e-05,3.069267992,34.83851587,3114069.2337278,89354.4946479584,89398.1384383181,89350.2653970597,330.74842565,29576437.4106541,89506.6566970345,89534.4747871698,89320.8674260306,24610.92082821,2206875318.53979,89859.0035916306,91140.224928382,88466.0608611977,-462.3108067307912,-0.5144846796118386,-109.96391213469906,-0.1228555687281551,42.19813694139884,0.047225533654073434,direct,,1769216974,19979915.0,1786138323123.4111,0,19979915.0,1786138323123.4114,214824.780963725,19211365336.504322,112404.600038746,10055339887.380121,/media/37746251/btc.png,2026-01-23 17:09:36.953291-08:00
5,CCCAGG,BTC,USD,2,CCCAGG,88939.4511413385,27423.73035905,2451998404.31014,1012833952,88939.4511413385,1769649747,3.3e-07,0.0293422173,188.71866196,16790294.0516191,89027.7778410582,89043.6426201933,88895.5604259368,1051.85278653,93598813.6658277,89182.7169959381,89229.1888191976,88783.362443463,27423.73035905,2451998404.31014,89293.7451337696,90481.3259183887,88729.355853209,-354.2939924310922,-0.3967735835251727,-243.2658545995946,-0.27277241913438716,-88.32669971969153,-0.0992125175553429,direct,,1769649747,19981703.0,1777161697689.2373,0,19981703.0,1777161697689.237,237847.35069056,21166959703.768036,125700.18742722756,11192652556.06917,/media/37746251/btc.png,2026-01-28 17:22:36.984254-08:00
5,CCCAGG,BTC,USD,1,CCCAGG,91857.5797921669,27618.52073048,2580927998.08342,984953901,91857.5797921669,1767723755,0.00036135,33.1923282075,1418.39045317,130002310.166811,91528.4464881606,91904.7260766516,91210.4548588162,21346.525809,1989747109.46175,93871.4502631699,94428.695657197,91210.4548588162,27618.52073048,2580927998.08342,94443.6092377979,94804.3784310233,91210.4548588162,-2586.029445630993,-2.7381730394479895,-2013.8704710029997,-2.145349267915949,329.13330400630366,0.3595967337311661,direct,,1767723755,19972368.0,1834613387198.5205,0,19972368.0,1834613387198.5208,270356.877567212,24878285979.833008,155697.487339839,14345951893.100893,/media/37746251/btc.png,2026-01-06 10:22:38.977576-08:00
5,CCCAGG,BTC,USD,1,CCCAGG,83727.6796649599,44350.60146037,3789987229.37412,1014856656,83727.6796649599,1769736125,0.0136,1138.77696,472.29117282,39649682.0947759,84064.7894480953,84071.0495783235,83678.330026464,1503.36490534,126574394.731307,84528.5794582977,84612.3071934407,83678.330026464,44350.60146037,3789987229.37412,88479.0659266906,88630.9707334979,83243.7349776425,-4751.386261730702,-5.370068288997837,-800.8997933377977,-0.9474899477435591,-337.1097831353982,-0.40101186876051376,direct,,1769736125,19982090.0,1673054030556.3984,0,19982090.0,1673054030556.3984,389683.174840958,32703882311.260246,207793.9265114864,17474717592.62991,/media/37746251/btc.png,2026-01-29 17:22:07.422764-08:00
5,CCCAGG,BTC,USD,1,CCCAGG,78288.7938566418,54801.52604802,4367479322.00506,1019670044,78288.7938566418,1769910353,0.02339871,1831.4881637784,1560.13586546,122527454.694297,78834.5420675677,78879.5604523489,78233.6658921188,3889.7514169,306529420.594948,78664.0185146698,79363.9609628202,78233.6658921188,54801.52604802,4367479322.00506,83882.5606473301,84100.0384033203,76029.5449655494,-5593.7667906883,-6.668569423156187,-375.22465802800434,-0.4769965546039704,-545.7482109258999,-0.6922704142280026,direct,,1769910353,19982656.0,1564418036292.1865,0,19982656.0,1564418036292.1865,469674.443357072,36847379621.91703,246161.411281218,19348813929.457535,/media/37746251/btc.png,2026-01-31 17:46:01.228003-08:00
5,CCCAGG,BTC,USD,2,CCCAGG,90522.3180096886,4459.73601627,403651757.397757,989523941,90522.3180096886,1768094280,0.00159,143.9117427,37.64495621,3407929.31789935,90516.1702935344,90558.5312885255,90496.1901795579,252.84910426,22872256.0796573,90391.7647042446,90558.5312885255,90335.6788099121,4459.73601627,403651757.397757,90568.0222219792,90713.6507801105,90279.1996613161,-45.70421229059866,-0.05046396196946773,130.55330544400204,0.1444305306696502,6.147716154213413,0.006791842975986519,direct,,1768094280,19974315.0,1808121294455.6934,0,19974315.0,1808121294455.6934,62012.1120927117,5613426246.802607,26824.0320262257,2428119672.873777,/media/37746251/btc.png,2026-01-10 17:18:03.383011-08:00
5,CCCAGG,BTC,USD,1,CCCAGG,95170.9250540119,5215.18182626,495991189.055833,999356708,95170.9250540119,1768760388,0.00221393,210.67315094,100.38915224,9553082.75333616,95233.834970251,95240.3983008585,95137.5971988575,4091.36288454,388990110.871024,95117.6939031808,95327.2010557233,94835.4833173788,5215.18182626,495991189.055833,95397.1693697584,95397.6006045947,94835.4833173788,-226.24431574650225,-0.23716040763178386,53.231150831095874,0.05596345816087514,-62.90991623910668,-0.06605836702759936,direct,,1768760388,19977562.0,1901283055863.876,0,19977562.0,1901283055863.876,75322.7506551747,7168193367.791455,31019.441164671498,2951806420.62608,/media/37746251/btc.png,2026-01-18 10:20:05.787567-08:00
5,CCCAGG,BTC,USD,2,CCCAGG,89265.8895071801,23717.23234287,2094142379.26653,1011502528,89265.8895071801,1769562755,0.00346451,309.25255613,203.3209596,18162884.0667482,89360.0779847698,89378.8451316673,89243.1462248368,724.29720737,64622419.8277796,89136.2817812559,89378.8451316673,89047.2666411116,23717.23234287,2094142379.26653,88485.6476341657,89447.8234435841,87212.2687982399,780.2418730143982,0.881772235244549,129.60772592420108,0.14540400758724015,-94.18847758970514,-0.1054033072864577,direct,,1769562755,19981340.0,1783652088645.3977,0,19981340.0,1783652088645.398,229126.396283816,20430174111.381256,122778.85498694499,10936966240.614498,/media/37746251/btc.png,2026-01-27 17:12:52.926049-08:00
5,CCCAGG,BTC,USD,1,CCCAGG,91155.1443271693,9491.40391103,856733099.969856,981726291,91155.1443271693,1767489476,7.532e-05,6.865094124,271.55862198,24797030.384989,91297.6058107224,91440.0494225948,91148.8635652266,1886.71962647,172071687.084339,90598.8695543287,91550.3121051684,90598.6202335357,9491.40391103,856733099.969856,90247.5510843027,91550.3121051684,89288.1023134157,907.5932428665983,1.0056707710758719,556.2747728405957,0.6139974765435884,-142.4614835530956,-0.1560407661165243,direct,,1767489476,19971200.0,1820477618386.7634,0,19971200.0,1820477618386.7634,122934.693018766,11197672491.534325,57122.1665379981,5198522141.644275,/media/37746251/btc.png,2026-01-03 17:18:13.169880-08:00
5,CCCAGG,BTC,USD,1,CCCAGG,91786.6235681323,29282.51495712,2671675872.69552,991230013,91786.6235681323,1768242235,0.0027,247.8681,660.91120601,60563916.72963,91439.0280930905,91880.0891657338,91337.4853426347,26443.1013242,2414565223.3384,90885.0358011235,92416.5739200245,90020.5796862131,29282.51495712,2671675872.69552,90761.2226590519,92416.5739200245,90020.5796862131,1025.400909080403,1.1297786422868736,901.5877670088084,0.9920090354386627,347.5954750418023,0.3801390744091559,direct,,1768242235,19975018.0,1833439457932.667,0,19975018.0,1833439457932.667,233836.472778743,21446992998.640438,124335.63601598001,11396280914.301212,/media/37746251/btc.png,2026-01-12 10:24:02.739767-08:00
5,CCCAGG,BTC,USD,2,CCCAGG,89846.2377495483,28859.04075144,2625648562.40284,987028035,89846.2377495483,1767875538,0.005,449.18085,784.88666469,70517733.8077617,90109.3234440571,90120.5692518091,89689.8513633421,10882.63413672,984359490.966265,91287.1163123315,91578.2679664648,89534.6578850892,28859.04075144,2625648562.40284,91929.3709764205,92218.6156154836,89534.6578850892,-2083.1332268722035,-2.2660148815839483,-1440.8785627832112,-1.5784029784152251,-263.0856945088017,-0.2919627897019271,direct,,1767875538,19973125.0,1794510137351.4468,0,19973125.0,1794510137351.4468,249929.644983436,22488010629.66705,139723.320793885,12586387025.028856,/media/37746251/btc.png,2026-01-08 04:32:27.431481-08:00
5,CCCAGG,BTC,USD,1,CCCAGG,90823.4622992684,28237.17187657,2565780525.91408,988806128,90823.4622992684,1767982979,0.00053503,48.5887548003,663.00128382,60410031.8889872,91344.3139825273,91429.9765153159,90821.9801492299,22792.5496716,2070396167.43655,91032.9247575513,91948.9136015396,89596.5857051458,28237.17187657,2565780525.91408,91052.4408411974,91948.9136015396,89596.5857051458,-228.9785419289983,-0.2514798503077527,-209.4624582828983,-0.2300952746940311,-520.8516832588939,-0.5702070118546454,direct,,1767982979,19973659.0,1814076865164.943,0,19973659.0,1814076865164.943,222041.180293897,20167731577.852276,118229.246532142,10739172325.627373,/media/37746251/btc.png,2026-01-09 10:23:11.027720-08:00
5,CCCAGG,BTC,USD,1,CCCAGG,96967.3533238894,56549.36861123,5413977709.20296,995364671,96967.3533238894,1768415082,0.00018668,18.1023017292,1213.35461198,117588721.597957,96976.3446327645,97127.5435969251,96608.5113544333,39574.18890081,3806330374.03576,95374.0317114324,97825.1023610178,94530.6945060171,56549.36861123,5413977709.20296,93605.0726702034,97825.1023610178,93448.5847907016,3362.2806536860007,3.591985517208289,1593.3216124570026,1.6706031860725172,-8.99130887510546,-0.00927165166840868,direct,,1768415082,19975840.0,1937004335221.483,0,19975840.0,1937004335221.483,359593.479843481,34799363115.78468,198451.981012056,19173898463.456787,/media/37746251/btc.png,2026-01-14 10:24:52.845444-08:00
5,CCCAGG,BTC,USD,1,CCCAGG,89049.4780226789,23387.05536248,2088676447.48743,1006356016,89049.4780226789,1769171591,0.00028074,24.99456294,147.19921952,13115504.3855924,89110.5506774338,89148.5365027922,89028.6385465922,6514.97421513,582574371.969253,89484.1769184693,89998.3532478326,88766.1462014354,23387.05536248,2088676447.48743,89939.9092154486,90260.3910911716,88441.129499803,-890.4311927696981,-0.9900290099656366,-434.6988957903959,-0.48578297388426356,-61.072654754898394,-0.06853582913652034,direct,,1769171591,19979703.0,1779182123198.1516,0,19979703.0,1779182123198.1516,205835.801609113,18335642066.642296,112193.34708308,9996830370.336613,/media/37746251/btc.png,2026-01-23 04:33:23.174745-08:00
5,CCCAGG,BTC,USD,2,CCCAGG,87744.1732786762,25234.65542118,2202102742.70795,1009252207,87744.1732786762,1769430796,0.01519188,1332.93919421282,349.33562607,30670992.3117917,87770.6104654611,87890.7797604735,87664.7753676431,10136.48738128,887212765.62463,86581.0345816177,88295.4443269845,86429.6392513598,25234.65542118,2202102742.70795,88684.4365284725,88865.7480688895,86008.6431884744,-940.2632497963059,-1.0602347904577716,1163.1386970585008,1.3434104855400408,-26.437186784896767,-0.030120773508007164,direct,,1769430796,19980737.0,1753193249563.657,0,19980737.0,1753193249563.657,273653.669092873,23999423724.034813,130993.959885576,11481865479.464188,/media/37746251/btc.png,2026-01-26 04:33:27.089736-08:00
5,CCCAGG,BTC,USD,2,CCCAGG,78437.9792366794,46389.90844397,3631985108.86947,1024722839,78437.9792366794,1770100885,1.1e-07,0.0086267533,776.45736849,60735409.873876,78182.9094948685,78576.6257679604,77892.4254676618,8789.99676883,689222716.152439,78690.4648260035,79141.2666044752,77598.2198858196,46389.90844397,3631985108.86947,76478.0360915093,79328.6967126894,76265.2049967783,1959.9431451700948,2.562752975017477,-252.48558932410378,-0.3208591916217391,255.06974181090482,0.3262474413639546,direct,,1770100885,19982656.0,1567399156421.7068,0,19982656.0,1567399156421.707,391458.725674423,30698485830.017258,189241.30969084683,14836960353.802553,/media/37746251/btc.png,2026-02-02 22:41:40.893613-08:00
5,CCCAGG,BTC,USD,2,CCCAGG,89923.5249634162,45055.57108997,4016103173.33929,1004895559,89923.5249634162,1769063134,0.00027783,24.98080662,208.71842269,18773999.7029709,89941.621094288,90050.5597947905,89822.6917287085,4195.45567444,377165919.159669,89380.6899214897,90290.4068747516,89380.6897477542,45055.57108997,4016103173.33929,89563.2466346872,90502.3423769834,87190.2906495922,360.2783287290076,0.4022613541450991,542.8350419265043,0.6073292144011423,-18.09613087179605,-0.02011986291955471,direct,,1769063134,19979112.0,1796592176678.8882,0,19979112.0,1796592176678.8882,302178.042749223,27137462172.245403,172176.57418002302,15447271868.08218,/media/37746251/btc.png,2026-01-21 22:25:46.603496-08:00
5,CCCAGG,BTC,USD,2,CCCAGG,88183.2701822999,26220.52172024,2303373934.53426,1010214723,88183.2701822999,1769476611,0.00026899,23.7138517514,107.70952739,9499031.35793527,88286.3083924619,88286.8723272293,88130.5469147113,749.50487283,66131962.5036665,88274.702805915,88386.7427772827,88130.5469147113,26220.52172024,2303373934.53426,87601.0027779293,88787.8551519448,86965.8999387826,582.267404370592,0.6646812090115614,-91.43262361511006,-0.10357737914579923,-103.03821016200527,-0.1167091614069605,direct,,1769476611,19980959.0,1761986305998.4568,0,19980959.0,1761986305998.4568,246044.880375872,21688204746.51465,121527.12406014,10707821798.830677,/media/37746251/btc.png,2026-01-26 17:16:54.935733-08:00
5,CCCAGG,BTC,USD,2,CCCAGG,77978.9750496085,46198.50927072,3607308838.29592,1020885434,77978.9750496085,1769970329,0.00031152,24.28516464,1345.91678961,105086757.700924,77694.0237874101,78392.621468959,77679.0644381723,31332.73583288,2448949625.18131,78664.0185146698,79363.9609628202,76732.3031729805,46198.50927072,3607308838.29592,77948.4931591561,79363.9609628202,76732.3031729805,30.481890452399966,0.039105169602395906,-685.0434650613024,-0.8708472793486272,284.95126219840313,0.36676085020142557,direct,,1769970329,19982656.0,1558227033648.9097,0,19982656.0,1558227033648.9097,336022.560177391,26207491272.723682,175494.722960583,13689695059.626595,/media/37746251/btc.png,2026-02-01 10:25:39.704732-08:00
5,CCCAGG,BTC,USD,2,CCCAGG,92930.889488714,11249.01540571,1029441462.74948,982443663,92930.889488714,1767575817,0.00026676,24.78840624,930.32172803,86204851.5782342,92361.1602750493,92939.0305631291,92242.6904675572,2982.13798975,274831940.536423,91499.5758776808,92939.0305631291,91483.1333173648,11249.01540571,1029441462.74948,91193.5864950712,92939.0305631291,90831.9800713835,1737.3029936428065,1.90507146435863,1431.313611033198,1.5642844213252072,569.7292136647011,0.61684934659554,direct,,1767575817,19971675.0,1855985522329.5122,0,19971675.0,1855985522329.5122,153455.780708525,14244842653.65287,74750.9241303052,6930730324.75724,/media/37746251/btc.png,2026-01-04 17:17:09.785142-08:00
5,CCCAGG,BTC,USD,2,CCCAGG,91284.658064159,25160.12570688,2304022962.12152,986518722,91284.658064159,1767834657,0.00051952,47.4197023248,93.45885393,8531017.24798886,91307.4382419465,91329.1143178041,91215.3061856109,720.92616235,65756444.1522769,91287.1163123315,91436.0381172202,90996.526400052,25160.12570688,2304022962.12152,92384.7589655801,93054.0364303777,90363.6411041683,-1100.1009014211013,-1.1907818061537263,-2.45824817250832,-0.0026928752619346874,-22.78017778749927,-0.02494887407435125,direct,,1767834657,19972931.0,1823222176874.0413,0,19972931.0,1823222176874.0413,227699.51749382,20792762085.91507,126980.09072698299,11598623653.08625,/media/37746251/btc.png,2026-01-07 17:11:00.258828-08:00
5,CCCAGG,BTC,USD,2,CCCAGG,91229.0249626699,28373.72775578,2567923428.07029,987544092,91229.0249626699,1767896410,0.00104972,95.73761316,894.34995778,81605938.3400514,91308.7803793458,91401.5326496484,91054.751661468,23246.03068306,2101470992.5234,91287.1163123315,91578.2679664648,89212.3086671477,28373.72775578,2567923428.07029,90816.2867293219,91578.2679664648,89212.3086671477,412.7382333479909,0.45447600668606714,-58.091349661612185,-0.06363586890274561,-79.75541667590733,-0.08734693021258243,direct,,1767896410,19973231.0,1822138389484.172,0,19973231.0,1822138389484.172,247078.716003932,22520166260.42137,133213.139153087,12132320707.506828,/media/37746251/btc.png,2026-01-08 10:20:11.627976-08:00
5,CCCAGG,BTC,USD,2,CCCAGG,90498.9901594254,27618.05260979,2505351842.78942,989146107,90498.9901594254,1768007333,1.105e-05,0.99990345,17.7980312,1610798.94142284,90474.2918832849,90529.9697856616,90474.2580606089,354.86384112,32107910.2195256,90524.7109642089,90566.9971662443,90399.6490340259,27618.05260979,2505351842.78942,90970.6258619636,91948.9136015396,89596.5857051458,-471.63570253820217,-0.5184483431540303,-25.72080478350108,-0.028413020610107673,24.698276140508824,0.027298667529081624,direct,,1768007333,19973809.0,1807609544137.243,0,19973809.0,1807609544137.2427,217771.042192877,19714005375.854534,115945.316767019,10498880052.563456,/media/37746251/btc.png,2026-01-09 17:09:02.048410-08:00
5,CCCAGG,BTC,USD,1,CCCAGG,91910.7827518785,27710.05418383,2529149029.99724,991715755,91910.7827518785,1768285486,0.00699571,643.47240151,331.99786036,30489179.64819,91829.5730447828,91987.394837592,91709.1877731056,4387.08802316,401271543.006876,91199.6508704023,92162.0464794558,90944.4473084131,27710.05418383,2529149029.99724,91707.4285063347,92262.3441436351,90020.5796862131,203.35424554380006,0.22174239192602954,711.1318814762053,0.779752855070407,81.20970709570975,0.0884352441191314,direct,,1768285486,19975228.0,1835938841127.2407,0,19975228.0,1835938841127.2405,213723.697902692,19625808626.72689,113240.06381098501,10390279163.604763,/media/37746251/btc.png,2026-01-12 22:24:50.568334-08:00
5,CCCAGG,BTC,USD,2,CCCAGG,95085.3611404459,5508.27679736,524481718.598083,999246811,95085.3611404459,1768739260,0.00010413,9.9001951542,34.63999525,3294185.02522594,95134.366212039,95148.275383619,95067.1837964081,2351.02149056,223487959.427771,95117.6939031808,95261.9808921414,94835.4833173788,5508.27679736,524481718.598083,95226.3830435724,95607.5170515929,94835.4833173788,-141.02190312650055,-0.14809121024997207,-32.33276273490628,-0.03399237450796213,-49.005071593113826,-0.05151142909165916,direct,,1768739260,19977465.0,1899564474195.618,0,19977465.0,1899564474195.618,79513.1048510081,7561257520.215815,32869.9319542326,3126174580.589658,/media/37746251/btc.png,2026-01-18 04:27:55.831913-08:00
5,CCCAGG,BTC,USD,1,CCCAGG,87936.8548612488,46000.60768314,4090261075.6005,1004157224,87936.8548612488,1769020463,0.014225,1250.6051,2053.96020231,180295964.952803,87856.4131615989,88013.5933515196,87508.2870567332,35367.1963199,3143677195.62254,88329.8328098973,90502.3423769834,87190.2906495922,46000.60768314,4090261075.6005,89389.9072339524,90502.3423769834,87190.2906495922,-1453.0523727036052,-1.6255217369234516,-392.97794864850584,-0.44489832726647355,80.44169964989123,0.0915604185911057,direct,,1769020463,19978893.0,1756881014029.4194,0,19978893.0,1756881014029.4194,324126.56213188,28547782765.105644,185556.508739587,16362368091.832077,/media/37746251/btc.png,2026-01-21 10:34:25.292944-08:00
5,CCCAGG,BTC,USD,2,CCCAGG,78869.7747905776,58747.62383505,4550144616.20884,1024399727,78869.7747905776,1770081994,0.09895,7805.1750105,689.60596661,54409022.8804527,79023.9986586043,79141.2666044752,78666.2215403861,1829.54783881,144179176.558984,78690.4648260035,79141.2666044752,78366.896852741,58747.62383505,4550144616.20884,77462.9340241667,79328.6967126894,74579.6347675836,1406.8407664109109,1.8161470180977242,179.3099645741022,0.2278674614142687,-154.22386802668916,-0.19516080006652126,direct,,1770081994,19982656.0,1576027578437.5845,0,19982656.0,1576027578437.5842,498036.397255257,39196751243.88964,246404.1491455268,19350572505.42847,/media/37746251/btc.png,2026-02-02 17:26:51.172470-08:00
5,CCCAGG,BTC,USD,1,CCCAGG,92856.1717643012,15436.2204045,1423801607.388,982902480,92856.1717643012,1767616385,0.00096688,89.780319216,482.1480269,44842411.5509967,93082.0076730498,93160.3918012187,92850.5393997105,11233.86454408,1040417579.39302,91499.5758776808,93340.6186865099,91483.1333173648,15436.2204045,1423801607.388,91106.8772990011,93340.6186865099,90831.9800713835,1749.2944653000886,1.920046561972625,1356.5958866203873,1.4826253276123624,-225.83590874860238,-0.24262036713029456,direct,,1767616385,19971865.0,1854510926893.4353,0,19971865.0,1854510926893.4353,181489.842834324,16842905293.816154,89037.7179508736,8258154905.66386,/media/37746251/btc.png,2026-01-05 04:33:18.401928-08:00
5,CCCAGG,BTC,USD,2,CCCAGG,96793.7971179007,49004.88868168,4728899745.83196,996021818,96793.7971179007,1768439402,0.00021,20.33052,223.74262329,21667623.6950796,96643.7899641726,96968.3380749721,96643.7847686424,1291.55734283,124915981.719271,96945.088402564,96991.0324315404,96485.1992431985,49004.88868168,4728899745.83196,95205.8519637312,97943.2224912141,94530.6945060171,1587.9451541695016,1.6679070891298065,-151.29128466329712,-0.15605874124851052,150.00715372810373,0.1552165470577197,direct,,1768439402,19975943.0,1933547373980.7488,0,19975943.0,1933547373980.7488,318291.678738433,30794190669.116024,171401.098292248,16576093626.877327,/media/37746251/btc.png,2026-01-14 17:10:08.559061-08:00
5,CCCAGG,BTC,USD,2,CCCAGG,94900.7204920646,5561.97805065,529870530.259854,999107979,94900.7204920646,1768699014,0.00104334,99.0061008228,269.15488682,25548840.1275494,95079.2531888199,95079.5852611713,94835.4833173788,534.50843783,50790414.1842508,95117.6939031808,95205.9938294816,94835.4833173788,5561.97805065,529870530.259854,95361.1629489393,95607.5170515929,94835.4833173788,-460.44245687469083,-0.48284064773961777,-216.97341111619608,-0.2281104621155458,-178.53269675529737,-0.18777250637501908,direct,,1768699014,19977256.0,1895855987854.4207,0,19977256.0,1895855987854.4207,75531.9990105011,7170075932.194586,33291.4989205875,3161422039.716665,/media/37746251/btc.png,2026-01-17 17:17:04.530159-08:00
5,CCCAGG,BTC,USD,1,CCCAGG,92505.6917117655,16459.98997355,1539749009.71252,1000032877,92505.6917117655,1768804170,0.00057,52.73241,420.40350619,38875541.7042637,92490.7081850273,92579.9039542232,92355.5189035705,9503.56433944,880069527.694523,93642.094492732,93642.8437488653,92119.7153145434,16459.98997355,1539749009.71252,95143.4972419472,95496.6745102665,92119.7153145434,-2637.8055301817076,-2.772449622567313,-1136.4027809664985,-1.2135597640382767,14.983526738200453,0.0162000346112887,direct,,1768804170,19977740.0,1848054657537.806,0,19977740.0,1848054657537.806,166297.559071051,15400576983.486307,81373.0852807434,7544579792.256204,/media/37746251/btc.png,2026-01-18 22:29:30.352477-08:00
5,CCCAGG,BTC,USD,2,CCCAGG,89782.0140684087,29755.24140647,2710742477.40767,1002075546,89782.0140684087,1768933622,5.514e-05,4.949923314,1035.43202389,92901505.9258767,89680.3756177661,89859.3461448269,89543.0494223895,26109.90703266,2372660940.22598,92569.4357131319,92813.5209723448,89339.3814954416,29755.24140647,2710742477.40767,93014.9683163392,93298.2253103267,89339.3814954416,-3232.954247930509,-3.4757354718816815,-2787.421644723203,-3.011168452361841,101.63845064259658,0.11333410452672273,direct,,1768933622,19978459.0,1793706287003.1262,0,19978459.0,1793706287003.1262,251700.572479963,22637441314.265644,135832.27727543798,12234552404.130447,/media/37746251/btc.png,2026-01-20 10:27:14.445709-08:00
5,CCCAGG,BTC,USD,2,CCCAGG,89993.064239311,41091.70518401,3666117556.31285,1005107534,89993.064239311,1769085265,0.002,179.948,297.32741197,26730831.1551768,89861.5876793486,90007.8146315404,89793.129052106,6894.82358915,619876836.079549,89380.6899214897,90290.4068747516,89380.6897477542,41091.70518401,3666117556.31285,88662.3165120299,90502.3423769834,87190.2906495922,1330.7477272811084,1.5009169392732362,612.3743178213044,0.6851304441252383,131.47655996240792,0.14631007904239712,direct,,1769085265,19979253.0,1797994198682.4468,0,19979253.0,1797994198682.447,276384.634134268,24840849226.389057,158068.024434475,14193174969.098099,/media/37746251/btc.png,2026-01-22 04:34:39.189285-08:00
5,CCCAGG,BTC,USD,2,CCCAGG,89147.4981545129,24012.15890109,2121506703.3426,1011661348,89147.4981545129,1769581661,0.23118342,20607.22769196,274.77296696,24482718.7997384,88978.2465164201,89171.8717056989,88978.2448689798,3478.09537664,309793967.195945,89136.2817812559,89386.5016175792,88729.355853209,24012.15890109,2121506703.3426,88241.3371838271,89447.8234435841,87212.2687982399,906.1609706857998,1.0269121022022332,11.216373257004307,0.012583398177332266,169.2516380927991,0.19021687290900402,direct,,1769581661,19981403.0,1781292087067.0784,0,19981403.0,1781292087067.0784,230367.921320185,20517606652.771976,127124.147607387,11313682526.245367,/media/37746251/btc.png,2026-01-27 22:27:44.393110-08:00
5,CCCAGG,BTC,USD,2,CCCAGG,89647.6597493821,26055.62026032,2328167621.05666,1012400228,89647.6597493821,1769624944,0.00197026,176.6144413442,1241.31361246,111347645.56589,90065.2997411089,90067.4235872714,89395.6465328674,19661.33869094,1759463002.04712,89136.2817812559,90481.3259183887,88729.355853209,26055.62026032,2328167621.05666,88184.1379120841,90481.3259183887,87954.4370714673,1463.5218372980016,1.6596202808685068,511.37796812620945,0.5737034997501377,-417.63999172679905,-0.4637079906770951,direct,,1769624944,19981571.0,1791301078266.1206,0,19981571.0,1791301078266.1206,248374.670711842,22258550211.740417,137300.64194493002,12301023473.851213,/media/37746251/btc.png,2026-01-28 10:29:18.694156-08:00
5,CCCAGG,BTC,USD,2,CCCAGG,73444.7219822423,49441.66862161,3817371816.45594,1026078210,73444.7219822423,1770144380,0.00119,87.374333662,6874.27214344,511433178.283262,74822.518312042,75216.4965262542,73444.3113826621,42261.49772854,3254482748.499,78690.4648260035,79141.2666044752,73444.3113826621,49441.66862161,3817371816.45594,78532.0044101942,79141.2666044752,73444.3113826621,-5087.282427951897,-6.477973491392917,-5245.742843761196,-6.666300491883388,-1377.7963297996903,-1.841419349257517,direct,,1770144380,19982656.0,1467620614386.7861,0,19982656.0,1467620614386.7861,393268.88223436,29069665930.1734,223809.226300356,16623748612.89404,/media/37746251/btc.png,2026-02-03 10:46:26.829249-08:00
5,CCCAGG,BTC,USD,1,CCCAGG,76394.5648998684,62823.9024916,4793145740.79028,1027004726,76394.5648998684,1770168157,0.02062,1575.3424312,721.9614671,55083345.5040119,75823.870751055,76495.5937441193,75823.8652604675,2327.34313798,176773767.550584,75679.0568199372,76495.5937441193,75380.25578812,62823.9024916,4793145740.79028,78966.55163229,79021.4364911747,72882.5468354911,-2571.9867324215884,-3.25705843709387,715.5080799311982,0.9454505777385716,570.6941488134034,0.7526576303221277,direct,,1770168157,19982656.0,1526566310663.745,0,19982656.0,1526566310663.7449,456199.938385608,34844936844.94804,241043.50508799806,18408154737.76957,/media/37746251/btc.png,2026-02-03 17:22:49.591597-08:00
5,CCCAGG,BTC,USD,2,CCCAGG,95646.3093635385,30241.12109099,2905610887.37163,997743885,95646.3093635385,1768544694,0.00024162,23.1099092016,381.2914574,36472368.9758026,95635.8685302955,95800.1886356292,95505.5910327078,3848.98405094,367626869.954195,95583.8631834761,95835.5042863193,95123.1230109939,30241.12109099,2905610887.37163,96214.3671307083,97178.673600432,95102.9786366989,-568.0577671697974,-0.5904084640478741,62.446180062397616,0.0653312996384445,10.440833243002999,0.010917277589940592,direct,,1768544694,19976471.0,1910675725257.7554,0,19976471.0,1910675725257.7554,258351.682335699,24723544197.273464,125222.754396426,11990253570.357533,/media/37746251/btc.png,2026-01-15 22:25:01.410452-08:00
5,CCCAGG,BTC,USD,2,CCCAGG,89431.0758337373,20909.04684758,1876391586.12421,1007452577,89431.0758337373,1769257699,0.00140723,125.822404422,75.10895004,6718639.34921201,89473.6656436453,89476.8709604991,89420.1641577662,2464.65775785,220739413.493606,89506.6566970345,89821.9816376065,89320.8674260306,20909.04684758,1876391586.12421,89163.3652237874,91140.224928382,88466.0608611977,267.7106099498924,0.3002473148898953,-75.5808632972039,-0.08444161148039844,-42.58980990800774,-0.047600385657198784,direct,,1769257699,19980096.0,1786841480541.3513,0,19980096.0,1786841480541.3513,176074.160440228,15752974626.578775,91296.0319847722,8171175391.636585,/media/37746251/btc.png,2026-01-24 04:28:27.877911-08:00
5,CCCAGG,BTC,USD,2,CCCAGG,82621.4527086387,57506.54189937,4822409313.38259,1015840961,82621.4527086387,1769776687,0.00018,14.8695696,861.043052,71320672.9131972,83026.3735256206,83190.9954102951,82521.1501524843,23837.50440523,1966524170.60844,84528.5794582977,84612.3071934407,81047.6163167029,57506.54189937,4822409313.38259,87982.4486203222,88041.784201779,81047.6163167029,-5360.995911683509,-6.09325609340364,-1907.1267496590008,-2.256191647701692,-404.92081698190304,-0.48770143725108145,direct,,1769776687,19982296.0,1650966323974.0203,0,19982296.0,1650966323974.0203,509886.624468974,42198708911.7372,265092.337033679,21973449269.057064,/media/37746251/btc.png,2026-01-30 04:38:19.275157-08:00
5,CCCAGG,BTC,USD,4,CCCAGG,90016.5737269951,30560.45883017,2743672944.54881,981280205,90016.5737269951,1767421333,2.2e-07,0.0198026422,88.33731431,7953720.25581174,90003.6185873304,90101.5093767829,89990.4645015835,2120.96498857,191175841.795458,89959.2467726096,90449.0762500536,89894.5362829983,30560.45883017,2743672944.54881,88847.4997056155,90940.5362669072,88400.8971197111,1169.074021379609,1.3158209575431856,57.32695438551309,0.06372547174657732,12.955139664700255,0.014394020893870946,direct,,1767421333,19970825.0,1797705241001.417,0,19970825.0,1797705241001.417,255431.628090393,22985805131.33727,137239.34623879901,12346540878.081474,/media/37746251/btc.png,2026-01-02 22:22:22.887144-08:00
5,CCCAGG,BTC,USD,2,CCCAGG,91616.8371861404,9951.06482859,900477142.25676,981864993,91616.8371861404,1767507743,5e-08,0.004580801,294.62297238,26992783.5840617,91441.7077800759,91750.6044352386,91411.0216641524,3915.80694434,357271582.916291,90598.8695543287,91750.6044352386,90598.6202335357,9951.06482859,900477142.25676,89844.2037770579,91750.6044352386,89288.1023134157,1772.6334090824967,1.9730080901837164,1017.9676318116981,1.123598602078872,175.12940606450138,0.1915202704718733,direct,,1767507743,19971290.0,1829706424327.1938,0,19971290.0,1829706424327.1938,127296.643368635,11651307905.873514,60444.4684721985,5526523082.847308,/media/37746251/btc.png,2026-01-03 22:22:38.507740-08:00
5,CCCAGG,BTC,USD,2,CCCAGG,92746.1153799644,30375.42910226,2823685833.13292,985538672,92746.1153799644,1767767088,0.00312258,289.34763054,135.77662647,12570386.9567031,92478.7487408979,92750.0310420018,92467.9797084402,4960.33126233,460157525.297431,93720.4787864495,93720.6491614572,92188.0394806926,30375.42910226,2823685833.13292,93755.8843447193,94428.695657197,91210.4548588162,-1009.7689647549123,-1.07701929517535,-974.3634064851067,-1.0396483448460403,267.36663906648755,0.28911143663457356,direct,,1767767088,19972590.0,1852380136576.7231,0,19972590.0,1852380136576.7231,307279.523297233,28505464902.524414,172508.32829963998,16005960101.381971,/media/37746251/btc.png,2026-01-06 22:24:59.515631-08:00
5,CCCAGG,BTC,USD,2,CCCAGG,95057.3676087814,50940.7037189,4795004330.30621,994174502,95057.3676087814,1768393940,0.01052299,999.9997397,581.3280325,55179219.6611954,94755.1867777131,95098.2760358722,94649.4002372533,14005.95341204,1332658617.09273,95374.0317114324,95754.2896216364,94530.6945060171,50940.7037189,4795004330.30621,92019.0490246877,96126.3683586895,91696.8152150114,3038.318584093693,3.3018365396044738,-316.6641026510042,-0.3320233998381406,302.18083106829727,0.31890690245504505,direct,,1768393940,19975731.0,1898840404921.1304,0,19975731.0,1898840404921.1304,330991.489098941,31415894785.30471,180657.95473421298,17125584745.269388,/media/37746251/btc.png,2026-01-14 04:32:23.138243-08:00
5,CCCAGG,BTC,USD,2,CCCAGG,87745.3478673153,30116.02149532,2679721355.55481,1013296014,87745.3478673153,1769690450,0.00028497,25.0013983968,535.01582306,47002625.1267786,87703.1394778749,87974.5435767637,87679.5009369224,11292.79996136,995345492.200179,89182.7169959381,89229.1888191976,87579.8244866041,30116.02149532,2679721355.55481,89900.3703604407,90481.3259183887,87579.8244866041,-2155.022493125405,-2.3971230424137273,-1437.3691286227986,-1.6117126468441916,42.20838944040588,0.04812642932931028,direct,,1769690450,19981909.0,1753319556258.0383,0,19981909.0,1753319556258.0383,258477.110414686,22717344542.1435,137026.504809667,12060618904.634995,/media/37746251/btc.png,2026-01-29 04:40:56.774005-08:00
5,CCCAGG,BTC,USD,2,CCCAGG,90506.4600656505,4348.93707891,393731615.21151,989595836,90506.4600656505,1768112564,0.0001095,9.90930105,87.35399995,7912833.79559893,90661.6133403954,90690.617487652,90474.9064274986,1118.7823843,101326678.932028,90391.7647042446,90742.6449037791,90335.6788099121,4348.93707891,393731615.21151,90388.3134340088,90742.6449037791,90279.1996613161,118.14663164170634,0.13071007429291562,114.69536140590208,0.12688695898478927,-155.1532747448946,-0.1711344735972883,direct,,1768112564,19974412.0,1807813322012.8503,0,19974412.0,1807813322012.8503,61896.4643719742,5602154596.038157,26656.163311778997,2412679695.4320993,/media/37746251/btc.png,2026-01-10 22:22:53.924257-08:00
5,CCCAGG,BTC,USD,2,CCCAGG,93621.5003887421,32167.83832667,2971256410.94169,992745560,93621.5003887421,1768328635,2.1e-07,0.01965894,1240.33745639,115899421.032908,93201.9487991338,93707.9893874687,93153.0465026839,27738.08517547,2566305283.08922,91199.6508704023,93742.2438552413,90944.4473084131,32167.83832667,2971256410.94169,91628.4481325271,93742.2438552413,90868.3255941241,1993.052256215,2.175145707294248,2421.8495183398045,2.6555469184649976,419.55158960830886,0.45015323715227734,direct,,1768328635,19975434.0,1870130101996.2922,0,19975434.0,1870130101996.2922,233213.567398286,21793459213.374924,125234.965226182,11684340468.143465,/media/37746251/btc.png,2026-01-13 10:24:02.069662-08:00
5,CCCAGG,BTC,USD,2,CCCAGG,92544.8702474517,14786.01848083,1372371053.92007,1000757828,92544.8702474517,1768871455,6.35e-06,0.5875585785,173.47733558,16069527.5791582,92656.0917070712,92741.1684606562,92536.9958891227,957.08585872,88605129.8871611,92569.4357131319,92810.9414131972,92305.746747907,14786.01848083,1372371053.92007,92545.1856046097,93371.4392752858,92102.4293626367,-0.3153571579896379,-0.0003407601983067717,-24.565465680192574,-0.026537339771973697,-111.22145961949718,-0.12003685626102134,direct,,1768871455,19978134.0,1848873818816.2034,0,19978134.0,1848873818816.2034,154754.034445172,14325692930.133348,73437.18181248625,6800235354.310295,/media/37746251/btc.png,2026-01-19 17:11:01.006030-08:00
5,CCCAGG,BTC,USD,2,CCCAGG,90844.7985138725,23207.98972645,2079343114.92574,1006906019,90844.7985138725,1769192638,0.00021796,19.799290236,1062.47897541,96361805.7965144,90514.3186147199,90937.0376509971,90380.3053041947,18739.69253026,1679620423.49846,89484.1769184693,91140.224928382,88466.0608611977,23207.98972645,2079343114.92574,89258.5620922709,91140.224928382,88466.0608611977,1586.2364216015994,1.7771252240897966,1360.6215954032086,1.5205164111224898,330.47989915260405,0.36511339223500455,direct,,1769192638,19979806.0,1815061450416.261,0,19979806.0,1815061450416.261,201629.831047069,18288039340.171505,108600.225885607,9836783603.453375,/media/37746251/btc.png,2026-01-23 10:24:02.963300-08:00
5,CCCAGG,BTC,USD,2,CCCAGG,84042.6669915488,48591.64226734,4031679719.70312,1017268391,84042.6669915488,1769822351,0.00029464,24.7555319976,173.42553098,14578204.4285213,83944.4602532442,84135.551634441,83941.2665237628,936.68885507,78719184.30992,84135.1114408016,84152.3471144298,83887.6316130114,48591.64226734,4031679719.70312,82363.4680230941,84522.5782991423,81047.6163167029,1679.1989684547007,2.038766711454969,-92.44444925279822,-0.10987618328388757,98.20673830460873,0.11699013610706176,direct,,1769822351,19982493.0,1679382004859.955,0,19982493.0,1679382004859.955,390376.750932867,32756211789.95033,198532.762985124,16633131396.527458,/media/37746251/btc.png,2026-01-30 17:19:21.911572-08:00
5,CCCAGG,BTC,USD,1,CCCAGG,91876.0874550693,14564.85868626,1328346278.21516,990377345,91876.0874550693,1768199254,0.00098092,90.1125787404,307.49140268,28287622.3233182,91992.8161109223,92081.3787485801,91853.9537325103,8120.55702691,743894522.212057,90885.0358011235,92416.5739200245,90576.3658568524,14564.85868626,1328346278.21516,90627.6501208743,92416.5739200245,90122.7041404124,1248.4373341949977,1.3775457407644343,991.051653945804,1.0904453579293776,-116.72865585300315,-0.1268888819668865,direct,,1768199254,19974790.0,1835205552936.6436,0,19974790.0,1835205552936.6436,142772.498881939,13107562641.241423,70680.6275952319,6484043570.104321,/media/37746251/btc.png,2026-01-11 22:27:43.052821-08:00
5,CCCAGG,BTC,USD,1,CCCAGG,88418.469676008,39053.93113434,3496918946.53592,1003151063,88418.469676008,1768998893,0.0006976,61.668586432,1499.35729946,132543197.656185,88707.1646719501,88768.1516780649,88126.7654732636,12630.8373218,1124966788.71645,88329.8328098973,90028.4802288992,88126.7654732636,39053.93113434,3496918946.53592,91210.2936413681,91301.4867001253,87793.2596690475,-2791.823965360105,-3.060865011944094,88.63686611069716,0.10034759864366624,-288.69499594210356,-0.3254472138859728,direct,,1768998893,19978778.0,1766492976756.696,0,19978778.0,1766492976756.6958,302399.357591931,26781518550.091824,168876.33022441267,14975616803.74812,/media/37746251/btc.png,2026-01-21 04:34:59.316704-08:00
5,CCCAGG,BTC,USD,2,CCCAGG,89604.0481026096,22771.90632208,2036443842.49706,1006011705,89604.0481026096,1769130729,0.00037051,33.1933536228,85.04188364,7614555.55468803,89451.5253102126,89607.3892207767,89451.5096725651,472.50445152,42293833.3303008,89484.1769184693,89607.3892207767,89374.1221229329,22771.90632208,2036443842.49706,90033.0097549821,90290.4068747516,88441.129499803,-428.96165237249807,-0.47644930847017575,119.87118414029828,0.13395796694818476,152.5227923969942,0.1705088782645731,direct,,1769130729,19979509.0,1790244885502.5212,0,19979509.0,1790244885502.5212,192993.960048885,17289028932.75869,104686.584006818,9376330562.070084,/media/37746251/btc.png,2026-01-22 17:12:10.939452-08:00
5,CCCAGG,BTC,USD,1,CCCAGG,76281.1462423314,63456.81788813,4884337684.48619,1022654184,76281.1462423314,1770015324,0.0057235,436.40336754,2514.57118625,190440916.109519,75442.3703194449,76744.4764888036,74893.8660185424,25968.24573271,1978842860.98365,76910.9893569062,78095.4599503703,74579.6347675836,63456.81788813,4884337684.48619,78228.3555135885,79162.003540932,74579.6347675836,-1947.209271257103,-2.4891348648110942,-629.8431145748036,-0.818924733437,838.7759228864888,1.1118101397594853,direct,,1770015324,19982656.0,1524299904646.201,0,19982656.0,1524299904646.201,478352.658246175,36533067958.173195,270454.7781039685,20674379359.57486,/media/37746251/btc.png,2026-02-01 22:55:38.974933-08:00
5,CCCAGG,BTC,USD,2,CCCAGG,90149.3172905625,31404.84450563,2816084362.63576,981177839,90149.3172905625,1767402380,0.00027876,25.1307743076,23.74115878,2139726.3030425,90126.2998912552,90150.2781832007,90109.216431348,364.46740138,32819766.2496097,89959.2467726096,90160.1768767602,89930.3433564066,31404.84450563,2816084362.63576,88547.3984775763,90940.5362669072,88289.331392005,1601.9188129862014,1.809108839478633,190.07051795290317,0.21128513718366862,23.017399307296728,0.02553904835222251,direct,,1767402380,19970715.0,1800346323054.3955,0,19970715.0,1800346323054.3958,260763.959970605,23492652036.17055,140766.566638116,12674968950.599571,/media/37746251/btc.png,2026-01-02 17:06:28.869613-08:00
5,CCCAGG,BTC,USD,2,CCCAGG,92006.415726311,30516.70966758,2832159089.57017,985717845,92006.415726311,1767789120,0.00010657,9.803992406,290.46575893,26728190.7462045,92030.0777997312,92110.1569969006,91936.9444956177,8573.83892708,793176120.146828,93720.4787864495,93720.6491614572,91532.7438784053,30516.70966758,2832159089.57017,93837.4963924497,94428.695657197,91210.4548588162,-1831.0806661387032,-1.9513315428628961,-1714.0630601385055,-1.8289098416197291,-23.662073420200613,-0.02571123917953455,direct,,1767789120,19972696.0,1837616171351.2288,0,19972696.0,1837616171351.2288,314431.442556604,28954136034.582253,176168.710963879,16233077672.206644,/media/37746251/btc.png,2026-01-07 04:32:10.966602-08:00
5,CCCAGG,BTC,USD,1,CCCAGG,90946.9475726137,27901.27796202,2526440490.16411,988001000,90946.9475726137,1767939887,0.0009492,86.318368584,256.88990634,23368224.7018824,90987.3122409648,91041.8640229316,90922.70600511,4142.40557975,377276676.777569,91032.9247575513,91564.1641242844,90765.8223268369,27901.27796202,2526440490.16411,89783.4327885062,91564.1641242844,89212.3086671477,1163.5147841075086,1.2959125620071617,-85.97718493759749,-0.09444625136079193,-40.36466835110332,-0.04436296375499497,direct,,1767939887,19973450.0,1816524309994.2212,0,19973450.0,1816524309994.2212,224847.63938681,20438110897.281517,117846.76018914176,10706707546.66761,/media/37746251/btc.png,2026-01-08 22:24:51.620632-08:00
5,CCCAGG,BTC,USD,2,CCCAGG,90224.6491797025,27382.49789595,2481537823.36803,988216421,90224.6491797025,1767961864,0.05051,4556.9101698,341.79050639,30859897.9533323,90356.7711118695,90510.69664301,90145.48916128,9120.65113569,827318115.786838,91032.9247575513,91564.1641242844,89596.5857051458,27382.49789595,2481537823.36803,89873.2473684943,91564.1641242844,89212.3086671477,351.4018112081976,0.39099712261135455,-808.2755778488063,-0.8878936714397487,-132.1219321670069,-0.14622250279774662,direct,,1767961864,19973562.0,1802107624319.0369,0,19973562.0,1802107624319.0369,214227.133064535,19339529482.563114,113277.35509117707,10231371180.148037,/media/37746251/btc.png,2026-01-09 04:31:11.146767-08:00
5,CCCAGG,BTC,USD,2,CCCAGG,96481.7977203215,48397.5861758,4676782768.56077,996308094,96481.7977203215,1768458273,0.00138835,133.94106625,476.0885112,45925458.8410157,96408.3083336834,96556.3800282403,96352.0576297709,6425.0648482,619157511.690959,96945.088402564,96991.0324315404,95746.034628309,48397.5861758,4676782768.56077,94998.4257622158,97943.2224912141,94649.4002372533,1483.371958105694,1.5614700414284999,-463.2906822424993,-0.477889792950301,73.48938663810259,0.07622723384352412,direct,,1768458273,19976056.0,1927325794241.8147,0,19976056.0,1927325794241.8147,320026.30796537,30884010159.29155,173058.843065002,16704324939.305792,/media/37746251/btc.png,2026-01-14 22:24:40.594592-08:00
5,CCCAGG,BTC,USD,2,CCCAGG,89788.8193756877,36883.53948063,3312463553.3063,1002887128,89788.8193756877,1768976815,5.017e-05,4.5035963424,289.60847778,26003858.3137763,89866.558921543,89866.8866353197,89713.3030060558,6093.12716135,543023619.999071,88329.8328098973,90028.4802288992,88154.7666425383,36883.53948063,3312463553.3063,90848.3285602997,91379.6529447214,87793.2596690475,-1059.509184612005,-1.1662396011047862,1458.986565790401,1.651748361089304,-77.73954585529282,-0.0865055330795101,direct,,1768976815,19978681.0,1793862179673.4836,0,19978681.0,1793862179673.4836,296315.763891133,26606576691.13383,158505.448707481,14232751193.002312,/media/37746251/btc.png,2026-01-20 22:27:03.150187-08:00
5,CCCAGG,BTC,USD,2,CCCAGG,89476.2909899112,22718.09901153,2030983310.41421,1006165724,89476.2909899112,1769149510,1.39e-05,1.2435913,243.84159484,21848240.8908399,89519.3629624931,89704.8603814813,89466.3243564773,3147.58011599,282279330.839249,89484.1769184693,89998.3532478326,89374.1221229329,22718.09901153,2030983310.41421,90091.2766442016,90260.3910911716,88441.129499803,-614.9856542904017,-0.6826250855775647,-7.885928558098385,-0.008812651386717678,-43.071972581907175,-0.04811469960968501,direct,,1769149510,19979612.0,1787701577177.522,0,19979612.0,1787701577177.5217,193499.607564557,17311879265.400864,106379.176376445,9516666213.246817,/media/37746251/btc.png,2026-01-22 22:25:14.305009-08:00
5,CCCAGG,BTC,USD,1,CCCAGG,90039.5367721142,11357.85033653,1021305219.14486,981510560,90039.5367721142,1767464413,1.891e-05,1.7027231523,56.82101826,5114889.02977053,90048.9338104578,90055.2917636166,89992.5963626239,6306.67990797,567169838.093224,89959.2467726096,90449.0762500536,89288.1023134157,11357.85033653,1021305219.14486,89730.384403338,90449.0762500536,89288.1023134157,309.15236877619463,0.34453476470863537,80.28999950460275,0.08925152486831303,-9.397038343609893,-0.010435479850754846,direct,,1767464413,19971087.0,1798187422315.5918,0,19971087.0,1798187422315.5918,128043.043742148,11527585981.551258,61474.1641789805,5533754902.244998,/media/37746251/btc.png,2026-01-03 10:20:23.023157-08:00
5,CCCAGG,BTC,USD,2,CCCAGG,90662.5913166634,18879.68716858,1720637056.73642,990642291,90662.5913166634,1768221185,0.003023,274.031927,323.76882618,29348283.9727003,90512.173903109,90760.0356734531,90500.9825173115,13526.84137863,1235145622.92356,90885.0358011235,92416.5739200245,90249.9643023165,18879.68716858,1720637056.73642,90814.7388583296,92416.5739200245,90122.7041404124,-152.1475416661997,-0.16753617703349769,-222.44448446009483,-0.24475369624857982,150.41741355440172,0.16618473191840447,direct,,1768221185,19974915.0,1810977555230.0894,0,19974915.0,1810977555230.0894,175450.027116832,15915709799.77585,87823.0966509849,7971225214.617071,/media/37746251/btc.png,2026-01-12 04:33:16.550767-08:00
5,CCCAGG,BTC,USD,1,CCCAGG,95053.706186799,22958.44920541,2187149884.20538,998404092,95053.706186799,1768587784,7.221e-05,6.862975599,479.26930127,45569334.5969618,95045.8797220453,95171.210343172,94982.2733434176,16162.03913011,1538449688.5182,95583.8631834761,95835.5042863193,94246.2493768972,22958.44920541,2187149884.20538,95821.0428261737,95899.0752164707,94246.2493768972,-767.3366393746983,-0.8008018038028478,-530.1569966771058,-0.5546511503301069,7.826464753699838,0.008234407190072584,direct,,1768587784,19976659.0,1898855475179.8738,0,19976659.0,1898855475179.8738,187867.879450665,17862402414.170273,97914.0690508616,9311959350.044336,/media/37746251/btc.png,2026-01-16 10:23:05.783370-08:00
5,CCCAGG,BTC,USD,2,CCCAGG,89659.6324498925,29399.66096814,2633322639.71672,1005703787,89659.6324498925,1769106147,0.00111134,99.6286081552,651.33261474,58277920.4902448,89479.4946051161,89722.494714652,89306.4933424509,18693.28227824,1672175466.47289,89380.6899214897,90290.4068747516,88441.129499803,29399.66096814,2633322639.71672,88403.7448122346,90380.4481013277,88207.9315555607,1255.8876376578992,1.4206271921233038,278.9425284027966,0.3120836599581122,180.13784477640002,0.20131745890091382,direct,,1769106147,19979343.0,1791340549970.3325,0,19979343.0,1791340549970.3325,232198.893498029,20816227289.46685,130096.11222113401,11661729448.06868,/media/37746251/btc.png,2026-01-22 10:22:40.113976-08:00
5,CCCAGG,BTC,USD,2,CCCAGG,88679.0143197682,5483.38817437,489043122.388916,1007924233,88679.0143197682,1769322177,5.35e-05,4.74287344,271.4270624,24063619.7111508,88877.9657313953,88878.4186974227,88537.0903791652,1798.67281999,159936718.613014,89107.7526562781,89203.3059468035,88537.0903791652,5483.38817437,489043122.388916,89542.146679133,89581.7514642227,88537.0903791652,-863.1323593647976,-0.9639397662173125,-428.738336509894,-0.4811459426697674,-198.95141162710206,-0.223847845739818,direct,,1769322177,19980315.0,1771834639998.4795,0,19980315.0,1771834639998.4795,80749.1667182388,7163538175.66916,35854.62462551575,3182334434.549136,/media/37746251/btc.png,2026-01-24 22:22:59.092770-08:00
5,CCCAGG,BTC,USD,1,CCCAGG,83703.4380196378,41420.0701313,3592535799.1994,1014220818,83703.4380196378,1769711695,0.0706838,5915.173803,2727.80749473,229126512.069842,84131.8748602166,84504.7012297336,83470.1293966988,34259.43300916,2953600873.78446,89182.7169959381,89229.1888191976,83470.1293966988,41420.0701313,3592535799.1994,89433.7628281386,89779.7948032729,83470.1293966988,-5730.3248085007945,-6.407339496060943,-5479.278976300295,-6.143879846753102,-428.4368405787973,-0.5092443753222383,direct,,1769711695,19982006.0,1672562600729.0305,0,19982006.0,1672562600729.0308,348258.682834938,29275982599.670013,193491.2257459074,16321414347.761385,/media/37746251/btc.png,2026-01-29 10:35:11.649416-08:00
5,CCCAGG,BTC,USD,2,CCCAGG,78349.4739205715,42862.6793589,3509417616.7866,1018626248,78349.4739205715,1769883735,0.00091765,71.886039815,1739.63015,136589299.935385,78783.7777508807,79031.3854512694,77882.0517770809,32236.42345386,2617094559.083,84135.1114408016,84152.3471144298,77882.0517770809,42862.6793589,3509417616.7866,83814.5427164523,84522.5782991423,77882.0517770809,-5465.068795880798,-6.5204302484466545,-5785.637520230099,-6.876602908288697,-434.3038303092035,-0.551260478626069,direct,,1769883735,19982656.0,1565630585135.7515,0,19982656.0,1565630585135.7517,370783.348237654,29201829511.118904,198112.51034346956,15673160200.685266,/media/37746251/btc.png,2026-01-31 10:22:32.412067-08:00
5,CCCAGG,BTC,USD,4,CCCAGG,78437.9477414042,59181.81936887,4673931949.72065,1020251212,78437.9477414042,1769949241,1.1e-07,0.0086268622,701.58106232,55037772.0574678,78694.993961687,78707.0301592101,78192.8097374764,16379.76018122,1287904848.85487,78664.0185146698,79363.9609628202,77897.2618529008,59181.81936887,4673931949.72065,82642.147902145,82809.5782139266,76029.5449655494,-4204.200160740802,-5.087234864368379,-226.07077326560102,-0.28738777592889153,-257.0462202827912,-0.3266360505827541,direct,,1769949241,19982656.0,1567398527062.4573,0,19982656.0,1567398527062.4573,487130.953638505,38241383779.54146,250821.98644443598,19705793359.947865,/media/37746251/btc.png,2026-02-01 04:34:13.546008-08:00
5,CCCAGG,BTC,USD,2,CCCAGG,96128.2484310714,34810.28293888,3365628432.93919,997190149,96128.2484310714,1768501691,0.00101097,97.1779343562,922.35530378,88809144.7776204,96593.6101760524,96596.8410780583,96015.2158219027,25292.93892873,2438754273.04153,96945.088402564,97178.673600432,95410.2072149048,34810.28293888,3365628432.93919,96815.0159160623,97943.2224912141,95410.2072149048,-686.7674849908944,-0.7093605041456743,-816.8399714925908,-0.8425800470681578,-465.3617449809972,-0.48177280477748435,direct,,1768501691,19976253.0,1920282211105.9355,0,19976253.0,1920282211105.9355,286290.657996661,27539996402.032574,145424.810116717,13998809181.575806,/media/37746251/btc.png,2026-01-15 10:28:22.506460-08:00
5,CCCAGG,BTC,USD,1,CCCAGG,89281.1636981601,9805.54390417,878245031.685641,1007588053,89281.1636981601,1769278887,0.00094,83.9368676,87.25206811,7791366.95528024,89274.9665178149,89307.3796278121,89253.4981731936,4235.53608251,378822346.879341,89506.6566970345,89821.9816376065,89047.5374236443,9805.54390417,878245031.685641,90436.9732725822,90449.1658084241,89047.5374236443,-1155.8095744220918,-1.2780277054810492,-225.49299887439702,-0.25192874719659586,6.197180345203378,0.0069416775910710925,direct,,1769278887,19980178.0,1783853542736.3772,0,19980178.0,1783853542736.3772,106889.349168482,9546000141.928978,49252.189782619804,4400087479.70287,/media/37746251/btc.png,2026-01-24 10:21:37.274966-08:00
5,CCCAGG,BTC,USD,2,CCCAGG,87359.4420300241,21340.42843456,1864003575.03194,1008862861,87359.4420300241,1769390273,0.00082798,72.3185220936,626.18759492,54564583.0084422,86762.2658898452,87373.4660924749,86725.8134381698,2051.38142406,178223704.69905,86581.0345816177,87373.4660924749,86429.6392513598,21340.42843456,1864003575.03194,89058.6435434959,89143.5405459969,86008.6431884744,-1699.201513471795,-1.907957999205222,778.407448406404,0.8990507588271187,597.1761401788972,0.6882901616897393,direct,,1769390273,19980568.0,1745491271922.9546,0,19980568.0,1745491271922.9546,215099.186923936,18790660605.094025,108676.241038996,9493611433.394215,/media/37746251/btc.png,2026-01-25 17:18:01.921105-08:00
5,CCCAGG,BTC,USD,1,CCCAGG,91175.0431409104,10035.0747173,914238921.367989,982147303,91175.0431409104,1767550832,4.524e-05,4.12380696,109.56094146,9994693.58250742,91304.3021436543,91306.2487421037,91155.8033405827,8151.68171251,744005214.055484,90598.8695543287,91750.6044352386,90598.6202335357,10035.0747173,914238921.367989,90099.2231469367,91750.6044352386,89982.8132393425,1075.8199939737096,1.1940391452867778,576.1735865817027,0.6359611211663002,-129.25900274390006,-0.1415694547892491,direct,,1767550832,19971509.0,1820903194664.0803,0,19971509.0,1820903194664.0803,143464.118997157,13079637789.834394,64225.7976237995,5855080420.205203,/media/37746251/btc.png,2026-01-04 10:20:38.607920-08:00
5,CCCAGG,BTC,USD,2,CCCAGG,93829.8041326947,28170.13369912,2640589256.07514,984354260,93829.8041326947,1767702681,0.00043403,40.7235244756,563.59859475,52734358.1794772,93821.8948584088,93962.8033162768,93783.857713642,7173.42570586,671594981.087613,93871.4502631699,94163.7405442767,93115.1284395713,28170.13369912,2640589256.07514,92819.8549797168,94804.3784310233,92349.408587989,1009.9491529779043,1.0880744784600243,-41.64613047520106,-0.04436506558537826,7.909274285892025,0.00843009438023853,direct,,1767702681,19972259.0,1873993150057.449,0,19972259.0,1873993150057.449,248324.53816724,23297633906.26889,134703.701809477,12636613085.427029,/media/37746251/btc.png,2026-01-06 04:31:36.076007-08:00
5,CCCAGG,BTC,USD,2,CCCAGG,90138.6616020653,26465.92466786,2417516984.63827,986737590,90138.6616020653,1767853492,0.00012205,10.9998502285,726.57562953,65657696.0605798,90719.4729672044,90762.8634601551,90128.9190719686,4899.58826255,445538889.39264,91287.1163123315,91578.2679664648,90128.9190719686,26465.92466786,2417516984.63827,92556.4412586501,92907.7764642668,90128.9190719686,-2417.7796565847966,-2.6122219304308407,-1148.4547102662036,-1.25806877975733,-580.8113651391031,-0.6402278872906038,direct,,1767853492,19973012.0,1800340569841.9893,0,19973012.0,1800340569841.9895,230318.562938255,20792520962.381634,129366.024316782,11692794245.711248,/media/37746251/btc.png,2026-01-07 22:24:58.087977-08:00
5,CCCAGG,BTC,USD,2,CCCAGG,90361.823655143,26059.46330767,2362853854.76839,989243641,90361.823655143,1768026103,1.849e-05,1.6705711302,57.80975774,5227483.80948552,90483.4512332818,90491.8149698479,90359.6245198974,1467.5529742,132810224.43885,90524.7109642089,90661.873582342,90295.2602985506,26059.46330767,2362853854.76839,91026.3525135545,91948.9136015396,89596.5857051458,-664.5288584115042,-0.7300400818681062,-162.88730906590354,-0.1799368452336787,-121.6275781387958,-0.13441969385674638,direct,,1768026103,19973900.0,1804878029505.4607,0,19973900.0,1804878029505.4607,206072.544737156,18629164174.5185,110526.405025233,9995440746.94006,/media/37746251/btc.png,2026-01-09 22:21:45.085372-08:00
5,CCCAGG,BTC,USD,2,CCCAGG,95433.7011673837,46587.75944428,4356225645.26135,993644998,95433.7011673837,1768353238,0.00053907,51.436280469,380.99365783,36305433.964843,95207.3338027747,95468.2075163286,95113.946740709,1952.37125375,186185405.133601,95374.0317114324,95625.4585494614,95113.946740709,46587.75944428,4356225645.26135,91091.7763545775,96126.3683586895,91015.4138725162,4341.924812806203,4.766538744293589,59.669455951298005,0.06256362961758434,226.36736460900283,0.23776252896434502,direct,,1768353238,19975562.0,1906341814558.5454,0,19975562.0,1906341814558.5454,317236.471295834,30185233933.43989,172414.268465623,16364315106.139305,/media/37746251/btc.png,2026-01-13 17:14:10.555531-08:00
5,CCCAGG,BTC,USD,2,CCCAGG,95420.0449629867,9726.4580588,926634126.729094,998983791,95420.0449629867,1768674011,0.00016,15.2667488,70.20312635,6695251.49476221,95338.610140371,95425.2635547287,95316.9766850677,4411.2430701,420530533.233048,95521.1897718598,95607.5170515929,95004.9828429936,9726.4580588,926634126.729094,94965.8407449295,95607.5170515929,94637.8192165312,454.2042180572025,0.47828167949058437,-101.14480887309765,-0.10588730010029099,81.4348226157017,0.08541641470942551,direct,,1768674011,19977065.0,1906212440528.508,0,19977065.0,1906212440528.508,88951.2214427412,8486264611.006746,42322.7389229128,4036972712.4088807,/media/37746251/btc.png,2026-01-17 10:20:17.427842-08:00
5,CCCAGG,BTC,USD,2,CCCAGG,92748.4289363478,13416.59184043,1260357264.06135,999799496,92748.4289363478,1768785354,0.0028291,262.380324649,446.30737897,41355701.5660909,92684.0169081036,92836.5773978745,92473.0369968918,5570.47194649,516104814.149657,93642.094492732,93642.8437488653,92119.7153145434,13416.59184043,1260357264.06135,94935.5441023644,95496.6745102665,92119.7153145434,-2187.1151660165924,-2.303789572910998,-893.6655563841923,-0.9543416998789512,64.41202824420179,0.06949637099573108,direct,,1768785354,19977687.0,1852899083032.0994,0,19977687.0,1852899083032.0994,138755.968220981,12885387507.219036,68331.1826586769,6353599288.13614,/media/37746251/btc.png,2026-01-18 17:16:01.486674-08:00
5,CCCAGG,BTC,USD,2,CCCAGG,93006.0178679337,20610.43057391,1919266870.379,1000452423,93006.0178679337,1768846973,0.00082857,77.06032428,170.62970188,15884078.5842554,93193.3746705068,93219.677954008,93003.8863022403,16609.36189968,1540753839.44769,93642.094492732,93642.8437488653,92119.7153145434,20610.43057391,1919266870.379,95419.6722477382,95496.6745102665,92119.7153145434,-2413.6543798045022,-2.529514431298746,-636.0766247982974,-0.6792635600944043,-187.35680257310742,-0.20104090364312216,direct,,1768846973,19978025.0,1858076550116.0264,0,19978025.0,1858076550116.0261,202860.245775816,18869596439.475082,100229.7266147005,9324340540.581064,/media/37746251/btc.png,2026-01-19 10:23:02.885088-08:00
5,CCCAGG,BTC,USD,1,CCCAGG,88948.1614220496,38210.26848328,3444524122.56411,1002684241,88948.1614220496,1768958002,0.00292851,260.524056663,318.73523494,28332948.6589199,88830.5801389114,88994.2817106031,88749.2677624177,1657.11874075,146816641.220136,88329.8328098973,88994.2817106031,88154.7666425383,38210.26848328,3444524122.56411,92659.8827298318,92671.663447981,87793.2596690475,-3711.721307782209,-4.005747901283736,618.3286121522979,0.70002239615132,117.5812831381918,0.13236577196087274,direct,,1768958002,19978565.0,1777056624600.9104,0,19978565.0,1777056624600.9104,307066.640983377,27358804143.04944,165220.76850677,14741874580.948732,/media/37746251/btc.png,2026-01-20 17:13:28.806853-08:00
5,CCCAGG,BTC,USD,2,CCCAGG,89568.0934289731,23209.55167539,2081132233.43358,1007373039,89568.0934289731,1769235760,0.00027639,24.7497737184,110.95291175,9943599.33107282,89677.1516261125,89681.6594650117,89552.2477651863,1527.4747852,136844314.109489,89506.6566970345,89821.9816376065,89320.8674260306,23209.55167539,2081132233.43358,89411.8568735574,91140.224928382,88466.0608611977,156.23655541570042,0.1747380726435911,61.43673193859286,0.06863928807725019,-109.0581971394131,-0.12161202174897931,direct,,1769235760,19980009.0,1789571312823.7234,0,19980009.0,1789571312823.7234,202135.771246523,18107212584.873775,105881.35351403701,9485887904.459064,/media/37746251/btc.png,2026-01-23 22:22:47.637757-08:00
5,CCCAGG,BTC,USD,2,CCCAGG,89738.4264609946,26229.27428943,2323269315.94033,1011889492,89738.4264609946,1769603670,0.03339128,2996.2015578768,767.4349447,68969446.0947327,89972.09051273,90069.341605819,89696.2154525167,8261.5943246,737380746.987958,89136.2817812559,90069.341605819,88729.355853209,26229.27428943,2323269315.94033,87876.2195250825,90069.341605819,87212.2687982399,1862.2069359120942,2.119124998749593,602.1446797387034,0.6755326424949958,-233.66405173540988,-0.25970726077810663,direct,,1769603670,19981493.0,1793107740161.3784,0,19981493.0,1793107740161.3784,248000.687878203,22224687005.427254,138832.264278694,12428084452.380009,/media/37746251/btc.png,2026-01-28 04:34:41.013903-08:00
5,CCCAGG,BTC,USD,1,CCCAGG,91111.908894148,17049.15962647,1578250561.25743,1001074935,91111.908894148,1768890417,1.766e-05,1.60861408,1087.77940514,99095608.8866181,91564.8419856444,91568.2737891106,90785.3522814285,6322.74157733,581633501.066079,92569.4357131319,92813.5209723448,90785.3522814285,17049.15962647,1578250561.25743,92551.3390223493,93371.4392752858,90785.3522814285,-1439.430128201304,-1.5552774745416813,-1457.526818983897,-1.5745227436631468,-452.9330914963939,-0.49465830080000034,direct,,1768890417,19978250.0,1820256493864.5122,0,19978250.0,1820256493864.5122,171152.902251647,15618936719.56979,88290.74038649621,8069206976.940024,/media/37746251/btc.png,2026-01-19 22:27:05.816079-08:00
5,CCCAGG,BTC,USD,1,CCCAGG,89895.0193697732,46033.96440006,4101925705.85661,1004693934,89895.0193697732,1769044410,0.00083714,75.242729198,307.93215222,27692471.5510447,89839.763035821,90045.4881286003,89756.5449572072,1128.23961336,101279855.359266,89380.6899214897,90045.4881286003,89380.6897477542,46033.96440006,4101925705.85661,88921.8217199632,90502.3423769834,87190.2906495922,973.1976498099975,1.0944418715069035,514.3294482835045,0.5754368742681241,55.25633395220211,0.06150543154279052,direct,,1769044410,19978984.0,1796011153668.3892,0,19978984.0,1796011153668.389,312272.543259029,28035447909.364517,177482.119183918,15918460126.272469,/media/37746251/btc.png,2026-01-21 17:13:39.091935-08:00
5,CCCAGG,BTC,USD,1,CCCAGG,88576.5051154941,7300.86175568,648468536.401623,1008051435,88576.5051154941,1769344169,0.00038,33.6644394,305.86196139,27064514.582452,88457.1759184156,88648.1610391242,88334.9920712153,4552.0234482,403126535.078891,89107.7526562781,89203.3059468035,87858.7850798317,7300.86175568,648468536.401623,89410.6680117538,89422.0443998935,87858.7850798317,-834.1628962597024,-0.9329567878298868,-531.2475407839956,-0.596185544969601,119.3291970785067,0.13490052767292107,direct,,1769344169,19980390.0,1769793117044.5671,0,19980390.0,1769793117044.5671,94872.5611879093,8405263619.132994,43374.268931372804,3843724871.632678,/media/37746251/btc.png,2026-01-25 04:29:37.504184-08:00
5,CCCAGG,BTC,USD,2,CCCAGG,87758.8395164455,22376.88650061,1969899705.67088,1011124894,87758.8395164455,1769538585,0.005,438.746,1097.05796083,96119501.3877574,87453.3444542217,87853.2270255201,87357.817747759,17114.24863334,1506704064.05083,88274.702805915,88915.0914797858,87212.2687982399,22376.88650061,1969899705.67088,88338.5879360791,88915.0914797858,87212.2687982399,-579.7484196336009,-0.6562799261100946,-515.8632894695038,-0.5843840568953322,305.4950622237957,0.34932347542604275,direct,,1769538585,19981218.0,1753528503805.1123,0,19981218.0,1753528503805.112,209704.557824021,18409558750.331554,112342.770316458,9865201265.421066,/media/37746251/btc.png,2026-01-27 10:30:03.831048-08:00
5,CCCAGG,BTC,USD,2,CCCAGG,82253.0431489161,53153.86173847,4486801226.0389,1015407366,82253.0431489161,1769755161,0.00054995,45.2212721015,998.33458014,82382264.2769269,82795.393775273,82812.7773620093,82214.945424232,15097.62866072,1245142546.88657,84528.5794582977,84612.3071934407,81047.6163167029,53153.86173847,4486801226.0389,88199.9129550783,88368.0668487485,81047.6163167029,-5946.869806162198,-6.7424894276154665,-2275.5363093815977,-2.6920318831386925,-542.3506263568997,-0.6550492746359445,direct,,1769755161,19982190.0,1643595936279.84,0,19982190.0,1643595936279.8398,481327.923279183,39705420785.193825,252104.42950954958,20851090861.414864,/media/37746251/btc.png,2026-01-29 22:39:31.544095-08:00
5,CCCAGG,BTC,USD,2,CCCAGG,78464.1342249702,57486.88088228,4566617355.42828,1019928639,78464.1342249702,1769928053,0.00032203,25.2641068795,526.17099786,41356619.2062299,78542.4452779753,78751.838980751,78333.6330437182,8945.40070797,704418559.296107,78664.0185146698,79363.9609628202,78231.4289517113,57486.88088228,4566617355.42828,83650.6797842949,83672.274869883,76029.5449655494,-5186.5455593247025,-6.2002431692114675,-199.8842896996066,-0.25409875248406083,-78.31105300510535,-0.09970539206915316,direct,,1769928053,19982656.0,1567921802555.406,0,19982656.0,1567921802555.406,485577.165478799,38156350906.41524,250589.09688461,19718215550.97429,/media/37746251/btc.png,2026-01-31 22:41:01.415787-08:00
5,CCCAGG,BTC,USD,2,CCCAGG,91432.2372065164,29155.57611725,2663594810.51899,991521599,91432.2372065164,1768266486,0.00056089,51.2795196903,86.95967242,7945522.80163138,91382.0463576933,91449.1204922491,91304.8404748753,891.8461214,81442050.2506618,91199.6508704023,91455.9218145298,91161.5651605837,29155.57611725,2663594810.51899,91292.0558067879,92416.5739200245,90020.5796862131,140.18139972849167,0.15355268154457385,232.5863361140946,0.25502985361710145,50.19084882309835,0.05492419006096472,direct,,1768266486,19975121.0,1826370001500.867,0,19975121.0,1826370001500.867,224997.135725126,20569826743.480427,117952.504579551,10782496636.894163,/media/37746251/btc.png,2026-01-12 17:08:12.673284-08:00
5,CCCAGG,BTC,USD,2,CCCAGG,91139.3811808107,18788.73962996,1730046274.26554,1001359671,91139.3811808107,1768912483,2.926e-05,2.665814228,466.08241886,42469629.8384758,91148.039858849,91238.6635806714,90983.0200197609,11307.25920955,1035171756.49482,92569.4357131319,92813.5209723448,90600.6717746422,18788.73962996,1730046274.26554,93024.4875137723,93371.4392752858,90600.6717746422,-1885.1063329616009,-2.026462476003977,-1430.054532321199,-1.5448452518959577,-8.658678038307698,-0.009499576789272096,direct,,1768912483,19978371.0,1820816369940.6543,0,19978371.0,1820816369940.6543,186211.586164447,16988860902.948523,94457.90735655917,8626487395.33476,/media/37746251/btc.png,2026-01-20 04:34:57.653467-08:00
5,CCCAGG,BTC,USD,1,CCCAGG,87941.0301329434,24486.00432645,2154494722.84219,1010559895,87941.0301329434,1769517241,0.01486,1306.8074208,326.82703836,28747510.754212,87878.9277750498,88053.3428908439,87847.4296840767,6199.07626958,547391918.656133,88274.702805915,88915.0914797858,87641.3809629224,24486.00432645,2154494722.84219,87712.2800434745,88915.0914797858,86965.8999387826,228.75008946890011,0.2607959676290713,-333.6726729716029,-0.37799353876640246,62.10235789360013,0.07066808786352985,direct,,1769517241,19981134.0,1757161507184.38,0,19981134.0,1757161507184.38,216281.979915367,19021230391.484417,113855.62380453199,10013751122.333885,/media/37746251/btc.png,2026-01-27 04:34:15.494648-08:00
5,CCCAGG,BTC,USD,1,CCCAGG,82181.0738391276,49929.38098254,4138747168.12386,1016634684,82181.0738391276,1769797980,0.048,3944.832,2450.81111134,202023550.562837,82817.4533787,83113.5415355173,81758.5086621607,40902.70070539,3380655899.68729,84528.5794582977,84612.3071934407,81047.6163167029,49929.38098254,4138747168.12386,83343.5955970139,84612.3071934407,81047.6163167029,-1162.5217578863085,-1.3948543371075297,-2347.5056191701005,-2.777173867364287,-636.379539572401,-0.7684123498248895,direct,,1769797980,19982381.0,1642173528442.5803,0,19982381.0,1642173528442.5803,431026.841054289,35457745674.18424,228330.47876589443,18799940958.039135,/media/37746251/btc.png,2026-01-30 10:33:08.277575-08:00
5,CCCAGG,BTC,USD,2,CCCAGG,89712.4001771716,27432.65051285,2465471910.98429,981401116,89712.4001771716,1767443259,0.03674848,3296.3695247232,128.55383997,11524725.4503545,89710.7880239573,89722.1699331348,89617.3679648035,4431.96008651,398435603.262532,89959.2467726096,90449.0762500536,89288.1023134157,27432.65051285,2465471910.98429,89323.0903301816,90940.5362669072,88400.8971197111,389.30984698999964,0.4358445789895099,-246.84659543799353,-0.27439824619913594,1.6121532143006334,0.00179705612871231,direct,,1767443259,19970946.0,1791641499468.6843,0,19970946.0,1791641499468.6843,232948.73200901,20902812857.01201,125151.608280689,11232074155.148792,/media/37746251/btc.png,2026-01-03 04:27:41.427167-08:00
5,CCCAGG,BTC,USD,2,CCCAGG,91169.2185613284,27341.56303343,2520016600.14674,986185987,91169.2185613284,1767810208,3.075e-05,2.8029851925,490.9232082,44751964.7133123,91180.4480621187,91265.1102606395,91092.7249619888,20458.89801961,1880448531.26509,93720.4787864495,93720.6491614572,90952.9889301198,27341.56303343,2520016600.14674,91984.4794357363,93820.3857373874,90952.9889301198,-815.2608744079043,-0.8863026451951334,-2551.2602251211065,-2.7222014421569285,-11.229500790301245,-0.012315689414742622,direct,,1767810208,19972781.0,1820902836266.547,0,19972781.0,1820902836266.547,259906.381770542,23722769389.266228,142978.94505202,13062586355.259398,/media/37746251/btc.png,2026-01-07 10:23:35.200524-08:00
5,CCCAGG,BTC,USD,1,CCCAGG,90002.8265177743,23203.67522083,2069471881.35149,980625562,90002.8265177743,1767372345,0.03321,2989.7637921,3254.78738939,293315776.588315,89358.2422909886,90765.8067091306,89151.830748466,20246.81707633,1808306646.07707,88742.6773204123,90765.8067091306,88289.331392005,23203.67522083,2069471881.35149,87882.1858112438,90765.8067091306,87863.9636931901,2120.6407065304957,2.4130495696650924,1260.1491973619995,1.4200035827318274,644.5842267857079,0.7213483728637661,direct,,1767372345,19970562.0,1797407027148.456,0,19970562.0,1797407027148.4558,220441.237262467,19821409960.573692,128957.23425519661,11587591108.758791,/media/37746251/btc.png,2026-01-02 08:45:49.434829-08:00
5,CCCAGG,BTC,USD,1,CCCAGG,91425.1972428439,9673.4903455,878188986.018779,990106046,91425.1972428439,1768180484,2e-05,1.8287152,988.00277782,90300296.1143534,91130.8169748812,91677.3399931487,91098.1146091338,2387.97208853,217512444.831355,90885.0358011235,91677.3399931487,90576.3658568524,9673.4903455,878188986.018779,90519.8285338195,91677.3399931487,90122.7041404124,905.3687090244057,1.0001882722150175,540.161441720411,0.5943348505714443,294.38026796269696,0.3230304278341303,direct,,1768180484,19974675.0,1826188601736.7031,0,19974675.0,1826188601736.7031,105165.271099738,9608543876.545395,53657.830678430306,4899465976.553307,/media/37746251/btc.png,2026-01-11 17:14:47.430908-08:00
5,CCCAGG,BTC,USD,1,CCCAGG,93173.05443038,19002.40184448,1774221178.04561,1000227453,93173.05443038,1768826106,0.02099,1956.03711,284.16668281,26443438.7958023,93148.7428281804,93175.9774118189,92959.9021919863,12882.47014986,1194100266.40391,93642.094492732,93642.8437488653,92119.7153145434,19002.40184448,1774221178.04561,95074.0410174207,95496.6745102665,92119.7153145434,-1900.9865870407084,-1.999480159565727,-469.0400623519963,-0.5008859155626861,24.311602199595654,0.026099764163688356,direct,,1768826106,19977878.0,1861399914297.4912,0,19977878.0,1861399914297.4912,192402.440365626,17930432405.406338,95493.651590601,8901144554.088732,/media/37746251/btc.png,2026-01-19 04:35:15.730381-08:00
5,CCCAGG,BTC,USD,2,CCCAGG,87851.0949286006,30712.59092199,2682900304.43033,1009839074,87851.0949286006,1769451958,0.00107087,94.055368796,690.28067068,60586017.4474299,87624.290938942,88021.499802822,87573.8717948166,22409.02615616,1964825476.75332,86581.0345816177,88787.8551519448,86429.6392513598,30712.59092199,2682900304.43033,87318.4673477315,88787.8551519448,86008.6431884744,532.6275808691134,0.6099827413919341,1270.0603469829075,1.4669036390246117,226.8039896586124,0.2588368901229147,direct,,1769451958,19980853.0,1755339813657.4143,0,19980853.0,1755339813657.4143,295501.419320793,25944888804.126507,148148.529758341,12999776115.171938,/media/37746251/btc.png,2026-01-26 10:26:09.290027-08:00
5,CCCAGG,BTC,USD,2,CCCAGG,95131.0123483001,5601.0656718,533357088.092931,999185918,95131.0123483001,1768717346,0.0001849,17.5891672,38.69017239,3680877.6114143,95155.1260426622,95166.2893142231,95108.4344122723,1522.36674674,144671300.138821,95117.6939031808,95226.9587384538,94835.4833173788,5601.0656718,533357088.092931,95199.2411088162,95607.5170515929,94835.4833173788,-68.22876051611092,-0.07166943740457234,13.318445119293756,0.0140020689871334,-24.113694362109527,-0.025341455962444213,direct,,1768717346,19977356.0,1900466100322.387,0,19977356.0,1900466100322.387,77034.7374225751,7328914597.500333,32696.7384598203,3110995870.6755886,/media/37746251/btc.png,2026-01-17 22:22:36.476898-08:00
5,CCCAGG,BTC,USD,2,CCCAGG,77591.3839244363,48181.39784939,3740513012.01453,1021784361,77591.3839244363,1769995597,0.12953206,10049.2519278925,1621.59074538,125298306.442247,77614.2710253284,77887.0107710153,76573.6496264069,5233.61825152,405569766.456918,76910.9893569062,78095.4599503703,76559.7983498833,48181.39784939,3740513012.01453,78454.2461490475,79162.003540932,75653.8648366679,-862.8622246111918,-1.0998285841303284,680.3945675301075,0.8846519505460134,-22.887100892097806,-0.029488263678504305,direct,,1769995597,19982656.0,1550481933525.9407,0,19982656.0,1550481933525.9407,348679.720614109,27056593742.30102,190364.6368478076,14772707296.760633,/media/37746251/btc.png,2026-02-01 17:26:39.781256-08:00
5,CCCAGG,BTC,USD,4,CCCAGG,89099.8501532082,5063.28696477,452571843.208692,1007748509,89099.8501532082,1769303934,1e-08,0.0008907757,58.70010186,5233499.07422861,89195.8069474618,89203.3059468035,89088.1435442854,257.18342006,22925457.7903771,89107.7526562781,89203.3059468035,89070.2703469551,5063.28696477,452571843.208692,89444.5401624563,89821.9816376065,89047.5374236443,-344.6900092480937,-0.3853672998061595,-7.902503069897648,-0.008868479828439345,-95.95679425359413,-0.10757993849432261,direct,,1769303934,19980253.0,1780237548323.1887,0,19980253.0,1780237548323.1887,74254.8280305571,6617527784.039873,31389.471594996,2798230948.867522,/media/37746251/btc.png,2026-01-24 17:19:09.737457-08:00
5,CCCAGG,BTC,USD,1,CCCAGG,78741.6630225982,70511.29687562,5442858054.82085,1023931246,78741.6630225982,1770057245,0.02566834,2020.8558307134,1761.34020351,138446190.099656,78960.0316944328,78960.1829558137,78320.6864789208,55552.32893107,4292732943.15614,76910.9893569062,79328.6967126894,74579.6347675836,70511.29687562,5442858054.82085,77974.4941016205,79328.6967126894,74579.6347675836,767.168920977696,0.9838716234284004,1830.6736656919966,2.380249793949129,-218.3686718345998,-0.2765559576769981,direct,,1770057245,19982656.0,1573467565048.5,0,19982656.0,1573467565048.5,565164.374771182,44392664027.56421,296278.210897592,23220120320.39087,/media/37746251/btc.png,2026-02-02 10:34:12.389352-08:00
5,CCCAGG,BTC,USD,1,CCCAGG,90501.5673378369,27339.95272057,2446337629.30391,980869973,90501.5673378369,1767378098,0.009891,895.471794,678.03130272,61273824.5428426,90341.354834458,90530.8108644766,90194.5163971324,25480.54190165,2281914031.19397,88742.6773204123,90940.5362669072,88289.331392005,27339.95272057,2446337629.30391,88079.3744764538,90940.5362669072,87963.2917727998,2422.192861383097,2.750011425240787,1758.8900174245937,1.982011440869634,160.2125033788907,0.1773412671001724,direct,,1767378098,19970603.0,1807370872181.7075,0,19970603.0,1807370872181.7075,240190.358493582,21709632960.25606,129059.769392417,11652140467.423494,/media/37746251/btc.png,2026-01-02 10:21:45.026126-08:00
5,CCCAGG,BTC,USD,1,CCCAGG,92227.9556048026,13873.54511331,1276062503.31504,982701427,92227.9556048026,1767594565,0.00010576,9.75636,290.68624641,26849614.0654745,92317.2094550987,92440.6759461772,92217.9159292843,7628.38805591,706120108.363546,91499.5758776808,93340.6186865099,91483.1333173648,13873.54511331,1276062503.31504,91197.9135607068,93340.6186865099,90831.9800713835,1030.0420440957969,1.1294579052076001,728.3797271217918,0.796047107470214,-89.25385029609606,-0.09668170303556176,direct,,1767594565,19971778.0,1841956254732.9731,0,19971778.0,1841956254732.9731,177477.554350059,16364925803.969645,84296.86843963059,7771061640.597595,/media/37746251/btc.png,2026-01-04 22:29:34.073957-08:00
5,CCCAGG,BTC,USD,1,CCCAGG,93843.5202852927,29038.05388433,2715598679.78338,983993878,93843.5202852927,1767661860,0.002421,227.198745,154.88885197,14539019.4411556,93810.8039811319,93977.2089859473,93799.3147059961,950.42033948,89091606.6212342,93871.4502631699,93988.5961742051,93551.0990288199,29038.05388433,2715598679.78338,92926.8169879597,94804.3784310233,92106.404932988,916.703297333006,0.9864787442916301,-27.929977877196507,-0.029753431739782895,32.716304160800064,0.034874772171636294,direct,,1767661860,19972078.0,1874250106932.4482,0,19972078.0,1874250106932.4482,260066.114621996,24396085184.090374,136830.74714240874,12831244476.154226,/media/37746251/btc.png,2026-01-05 17:11:13.612864-08:00
5,CCCAGG,BTC,USD,2,CCCAGG,90785.2882744809,5439.48763951,493324025.057158,989826582,90785.2882744809,1768155656,6.334e-05,5.74956182,59.32662784,5386324.0694677,90862.5071211814,90864.9152887881,90770.3632101562,4584.14842536,415991997.648694,90391.7647042446,91164.5638175976,90335.6788099121,5439.48763951,493324025.057158,90474.5100920124,91164.5638175976,90279.1996613161,310.778182468508,0.3434980550350007,393.52357023629884,0.43535334388467783,-77.21884670050349,-0.08498427915654841,direct,,1768155656,19974568.0,1813396914038.2217,0,19974568.0,1813396914038.2214,73673.3942850376,6687958909.965401,32089.839288154,2912783882.0955906,/media/37746251/btc.png,2026-01-11 10:21:08.731907-08:00
5,CCCAGG,BTC,USD,2,CCCAGG,95475.9361773717,21259.8087037,2023367025.93722,998689102,95475.9361773717,1768612127,0.02056567,1963.50734325,44.05176366,4204976.24102275,95433.5120004743,95478.5297713451,95429.6886409592,318.40647779,30400287.2446749,95521.1897718598,95550.972399003,95398.3462611299,21259.8087037,2023367025.93722,95646.1696430053,95827.4586498509,94246.2493768972,-170.23346563360246,-0.177982522738747,-45.25359448810923,-0.04737545103467793,42.4241768974025,0.044454171294871406,direct,,1768612127,19976781.0,1907301867785.3315,0,19976781.0,1907301867785.3315,167171.384240226,15954411299.402327,86386.69565995039,8241417528.403084,/media/37746251/btc.png,2026-01-16 17:08:58.010861-08:00
5,CCCAGG,BTC,USD,2,CCCAGG,95174.8351799519,19495.62065807,1854753311.11952,998787884,95174.8351799519,1768630924,0.00011112,10.575057048,69.8638511,6651996.80890203,95284.2277519809,95284.5767159931,95159.7311031802,1502.83741834,143291502.417791,95521.1897718598,95550.972399003,95159.7311031802,19495.62065807,1854753311.11952,95716.2438227106,95827.4586498509,94246.2493768972,-541.4086427587026,-0.5656392490302075,-346.35459190790425,-0.3625945119979432,-109.39257202899898,-0.11480658930640782,direct,,1768630924,19976843.0,1901292739940.776,0,19976843.0,1901292739940.776,146621.588211541,13953946320.113037,78156.9117277848,7437832020.12281,/media/37746251/btc.png,2026-01-16 22:22:06.932420-08:00
5,CCCAGG,BTC,USD,2,CCCAGG,93998.0669155872,27426.50046172,2549689262.49055,983571406,93998.0669155872,1767637424,0.00997,937.3794,967.54438728,91121764.0483099,94312.4514975536,94399.9787101064,93944.0894863442,25315.81145865,2357107710.697,91499.5758776808,94464.62814698,91483.1333173648,27426.50046172,2549689262.49055,91169.6562824736,94464.62814698,90831.9800713835,2828.410633113599,3.102359653907493,2498.491037906395,2.730603955199145,-314.3845819663984,-0.33334366456856795,direct,,1767637424,19971946.0,1877324316542.4941,0,19971946.0,1877324316542.4941,258757.897094217,24294393362.82825,137922.952062913,12936142114.034431,/media/37746251/btc.png,2026-01-05 10:23:46.103453-08:00
5,CCCAGG,BTC,USD,2,CCCAGG,92770.8886839057,29117.72268405,2709803522.26042,985345647,92770.8886839057,1767748283,0.00079456,73.711013376,240.49740643,22307845.3750096,92661.0847259724,92837.9799195587,92652.7446295314,1332.98861107,124150981.257106,93720.4787864495,93720.6491614572,92608.4078902683,29117.72268405,2709803522.26042,93771.483047464,94428.695657197,91210.4548588162,-1000.5943635583099,-1.0670561358743174,-949.590102543807,-1.013215163686405,109.80395793329808,0.11850061787860836,direct,,1767748283,19972493.0,1852865924843.0857,0,19972493.0,1852865924843.0857,290908.732137959,26996388118.75631,161067.759441352,14950925694.109348,/media/37746251/btc.png,2026-01-06 17:11:26.647204-08:00
5,CCCAGG,BTC,USD,2,CCCAGG,91196.9951775819,28933.55931299,2618678987.47669,987836491,91196.9951775819,1767921112,0.00022687,20.6896410574,243.00919262,22162856.294361,91215.2963874101,91257.7698480552,91168.5936876031,813.76571406,74139870.5884035,91032.9247575513,91257.7698480552,90988.0222233975,28933.55931299,2618678987.47669,91334.4218983401,91415.2045344462,89212.3086671477,-137.426720758187,-0.15046541917257658,164.07042003060633,0.18023195505096246,-18.301209828190622,-0.020063750876236398,direct,,1767921112,19973365.0,1821510871585.083,0,19973365.0,1821510871585.0833,239563.350300329,21827483020.40413,125529.423244979,11427931524.65665,/media/37746251/btc.png,2026-01-08 17:12:00.742119-08:00
5,CCCAGG,BTC,USD,1,CCCAGG,92034.23153323,26938.08366181,2464947120.57599,991939229,92034.23153323,1768307571,0.002,184.152,261.0228738,23998344.994253,91908.2418520641,92044.1862128026,91820.0869914391,8925.98258747,819350309.637047,91199.6508704023,92593.2346258393,90944.4473084131,26938.08366181,2464947120.57599,90678.7230019649,92593.2346258393,90020.5796862131,1355.5085312651063,1.494847397923473,834.580662827706,0.9151138791240249,125.98968116591277,0.13708202727749522,direct,,1768307571,19975337.0,1838414790412.2961,0,19975337.0,1838414790412.2961,214986.438904788,19771832986.451313,111739.732791735,10269601730.99924,/media/37746251/btc.png,2026-01-13 04:33:01.127239-08:00
5,CCCAGG,BTC,USD,1,CCCAGG,94685.926270953,49244.89337925,4621945862.0361,993909079,94685.926270953,1768371918,0.00033091,31.3338943728,652.43812367,61852513.7317202,94991.6022164986,94998.5438341056,94660.2597623711,8110.43711921,772722862.107356,95374.0317114324,95754.2896216364,94660.2597623711,49244.89337925,4621945862.0361,92095.750716526,96126.3683586895,91696.8152150114,2590.175554426998,2.812481069185972,-688.1054404793977,-0.7214809190004233,-305.6759455456049,-0.32179259893830237,direct,,1768371918,19975643.0,1891412260312.8784,0,19975643.0,1891412260312.8784,328980.633062541,31108983485.038696,179123.54678238698,16919626462.336187,/media/37746251/btc.png,2026-01-13 22:25:33.402244-08:00
5,CCCAGG,BTC,USD,1,CCCAGG,95207.0957565133,17768.8578017,1689558010.91452,998856425,95207.0957565133,1768652826,0.00243756,232.078625064,94.99179421,9051978.17180483,95286.3029243105,95362.4444482135,95207.0876506989,2430.60723565,231586560.337493,95521.1897718598,95550.972399003,95004.9828429936,17768.8578017,1689558010.91452,95427.2521514611,95787.7047164582,94246.2493768972,-220.15639494780044,-0.23070599853212853,-314.09401534650533,-0.3288212972395747,-79.20716779719805,-0.08312544968830965,direct,,1768652826,19976971.0,1901949390922.0894,0,19976971.0,1901949390922.0894,130348.675589078,12407955503.248238,71188.7869909218,6775514324.53892,/media/37746251/btc.png,2026-01-17 04:27:22.829818-08:00
5,CCCAGG,BTC,USD,2,CCCAGG,88386.9076562251,24980.87459675,2197483077.59328,1010405606,88386.9076562251,1769495158,0.00112639,99.5293297626,133.87032612,11835134.6414119,88375.7306735965,88438.1477493263,88346.1871586068,3595.87720823,318264143.349113,88274.702805915,88915.0914797858,88130.5469147113,24980.87459675,2197483077.59328,87854.0307772205,88915.0914797858,86965.8999387826,532.8768790046015,0.6065480141211348,112.20485031009594,0.12710872621887484,11.176982628603582,0.012647117645775646,direct,,1769495158,19981046.0,1766062867676.786,0,19981046.0,1766062867676.786,221433.085928847,19561286539.464558,114266.875447631,10089196589.793736,/media/37746251/btc.png,2026-01-26 22:26:11.154195-08:00
5,CCCAGG,BTC,USD,1,CCCAGG,88180.2589943727,30715.91393783,2739883342.0789,1013104841,88180.2589943727,1769668698,0.00163321,143.9722794695,250.11931361,22045807.35131,88067.3603340726,88217.7315056659,88050.0255524385,6954.00788273,613795584.205511,89182.7169959381,89229.1888191976,87579.8244866041,30715.91393783,2739883342.0789,89216.4157740291,90481.3259183887,87579.8244866041,-1036.1567796563904,-1.1613970037541181,-1002.4580015653919,-1.1240496312879207,112.89866030011035,0.12819580361196622,direct,,1769668698,19981809.0,1762001092796.0874,0,19981809.0,1762001092796.0874,262763.547384395,23201903758.42826,140008.016315735,12377289235.80206,/media/37746251/btc.png,2026-01-28 22:38:22.042628-08:00
5,CCCAGG,BTC,USD,2,CCCAGG,83538.565374352,41226.91766729,3430256480.19569,1017437589,83538.565374352,1769840980,0.0011636,97.166418,293.66000641,24581060.9874409,83868.8571972951,83912.8042188278,83512.2350895448,3624.45947996,304163752.756558,84135.1114408016,84152.3471144298,83512.2350895448,41226.91766729,3430256480.19569,82490.4080526381,84522.5782991423,81758.5086621607,1048.157321713894,1.270641455725437,-596.5460664496059,-0.7090334299602638,-330.29182294310885,-0.3938193913458514,direct,,1769840980,19982590.0,1669316901063.872,0,19982590.0,1669316901063.8723,320737.370808791,26780158742.77172,165023.214440134,13772021511.256601,/media/37746251/btc.png,2026-01-30 22:29:47.343554-08:00
5,CCCAGG,BTC,USD,1,CCCAGG,82802.606980626,38778.47300929,3230463120.64582,1017692173,82802.606980626,1769862724,0.0301,2492.550599,429.07514267,35554929.3651568,82893.2542763344,83020.7013007087,82682.5726133352,9093.32715862,758120954.961114,84135.1114408016,84152.3471144298,82451.4245382803,38778.47300929,3230463120.64582,82664.8390302393,84522.5782991423,81758.5086621607,137.76795038671116,0.16665846326309885,-1332.5044601755944,-1.5837673919445145,-90.64729570838972,-0.10935424902755816,direct,,1769862724,19982656.0,1654616011197.048,0,19982656.0,1654616011197.048,297508.109631088,24653951536.08074,157142.393004999,13031304268.736773,/media/37746251/btc.png,2026-01-31 04:32:13.469603-08:00
5,CCCAGG,BTC,USD,1,CCCAGG,77905.0312928697,64098.77269696,4925238474.77889,1023028970,77905.0312928697,1770036105,2e-05,1.5581,1129.33999584,88069356.7338424,77697.7108051197,78350.5533995344,77656.7777514912,33687.54975847,2575341823.84189,76910.9893569062,78350.5533995344,74579.6347675836,64098.77269696,4925238474.77889,78407.5489990861,78708.3322206782,74579.6347675836,-502.51770621640026,-0.640904750411542,994.041935963498,1.2924576114222592,207.32048774999566,0.2668295958808799,direct,,1770036105,19982656.0,1556749440994.6504,0,19982656.0,1556749440994.6504,518569.400719008,40330786972.52668,275306.50488966814,21379383460.54786,/media/37746251/btc.png,2026-02-02 04:41:58.449503-08:00
5,CCCAGG,BTC,USD,2,CCCAGG,78227.7500061879,44408.47281898,3485143891.83325,1025041813,78227.7500061879,1770122537,1.1e-07,0.00860409,653.13636792,51026955.7314533,78015.1037321387,78275.6030528405,77923.2584612891,14771.99740798,1158086593.83333,78690.4648260035,79141.2666044752,77598.2198858196,44408.47281898,3485143891.83325,77946.4825887756,79328.6967126894,77534.6783684927,281.2674174122949,0.3608468375618501,-462.71481981560646,-0.5880189179702252,212.64627404919884,0.2725706483443387,direct,,1770122537,19982656.0,1563198218027.6506,0,19982656.0,1563198218027.6506,353578.025310773,27670782353.68622,173303.95044847502,13568347092.761572,/media/37746251/btc.png,2026-02-03 04:42:26.186197-08:00
5,CCCAGG,BTC,USD,2,CCCAGG,87653.4411971837,10772.33402707,951881917.045289,1008304346,87653.4411971837,1769365297,0.00022607,19.8126640257,558.93569402,48985741.1262426,87784.0195626386,87880.477300557,87422.77897102,9853.92937953,869929544.983237,89107.7526562781,89203.3059468035,87422.77897102,10772.33402707,951881917.045289,89269.8676372036,89378.2719661341,87422.77897102,-1616.4264400199027,-1.8107189836878959,-1454.3114590944024,-1.6320818511765471,-130.57836545490136,-0.14874958575088568,direct,,1769365297,19980462.0,1751356251009.5632,0,19980462.0,1751356251009.5632,126936.098447378,11134035610.904255,62856.921474902694,5517275240.183464,/media/37746251/btc.png,2026-01-25 10:21:38.793232-08:00
5,CCCAGG,BTC,USD,2,CCCAGG,87825.3485058261,24645.79027407,2151642475.8837,1009091599,87825.3485058261,1769408882,0.00824793,724.2151022424,255.68114991,22443410.6602677,87724.679053978,87883.8212847517,87660.8482501193,6854.13619629,598879520.089118,86581.0345816177,87883.8212847517,86429.6392513598,24645.79027407,2151642475.8837,88730.9332543227,88865.7480688895,86008.6431884744,-905.5847484966071,-1.0205964428447951,1244.3139242083998,1.4371668463206193,100.66945184809447,0.11475613582598734,direct,,1769408882,19980637.0,1754806407893.4033,0,19980637.0,1754806407893.4036,257161.487189802,22572414590.582897,124453.528997969,10917291912.888565,/media/37746251/btc.png,2026-01-25 22:28:17.720237-08:00
